ts_epoch,event,phase,completed_jobs,total_jobs,failed_jobs,percent,eta_sec,elapsed_sec
1773995166.331215,init,,0,0,0,0.0,,1.5497207641601562e-05
1773995166.331496,pipeline_start,,0,0,0,0.0,,0.0009183883666992188
1773995166.3322499,lock_wait,,0,0,0,0.0,,0.0011494159698486328
1773995166.332474,lock_acquired,,0,0,0,0.0,,0.0019252300262451172
1773995166.3326583,method_start,,0,0,0,0.0,,0.002118825912475586
1773995166.332885,lock_wait,,0,0,0,0.0,,0.0023431777954101562
1773995166.3330784,lock_acquired,,0,0,0,0.0,,0.002538442611694336
1773995166.3332686,lock_released,,0,0,0,0.0,,0.002729177474975586
1773995166.3344433,lock_wait,,0,0,0,0.0,,0.003881692886352539
1773995166.334651,lock_acquired,,0,0,0,0.0,,0.00410771369934082
1773995166.3348296,plan_add,,0,64,0,0.0,,0.004291057586669922
1773995166.3350112,phase_start,baseline:coord:train.lr,0,64,0,0.0,,0.004472494125366211
1773995242.8278444,group_slots,baseline:coord:train.lr,0,64,0,0.0,,76.49713206291199
1773995242.8284295,group_start,baseline:coord:train.lr,0,64,0,0.0,,76.49751281738281
1773996425.7501974,job_done,baseline:coord:train.lr,1,64,0,1.5625,79343.42309975624,1259.419414281845
1773996427.5409138,job_done,baseline:coord:train.lr,2,64,0,3.125,39097.51520442963,1261.2101678848267
1773996429.183597,job_done,baseline:coord:train.lr,3,64,0,4.6875,25678.00730927785,1262.8528184890747
1773996429.4296715,job_done,baseline:coord:train.lr,4,64,0,6.25,18946.485246419907,1263.0990164279938
1773996429.4817545,job_done,baseline:coord:train.lr,5,64,0,7.8125,14905.18209285736,1263.1510248184204
1773996429.53623,job_done,baseline:coord:train.lr,6,64,0,9.375,12210.985530932743,1263.2053997516632
1773997601.7928572,job_done,baseline:coord:train.lr,7,64,0,10.9375,19831.620590278082,2435.4621777534485
1773997608.6881607,job_done,baseline:coord:train.lr,8,64,0,12.5,17096.502145051956,2442.3574492931366
1773997612.1663961,job_done,baseline:coord:train.lr,9,64,0,14.0625,14946.773253281912,2445.8356232643127
1773997612.6594465,job_done,baseline:coord:train.lr,10,64,0,15.625,13210.17505373955,2446.328713655472
1773997612.899494,job_done,baseline:coord:train.lr,11,64,0,17.1875,11788.013442212885,2446.5688276290894
1773997612.9511974,job_done,baseline:coord:train.lr,12,64,0,18.75,10602.021859169006,2446.6204290390015
1773998749.5729063,job_done,baseline:coord:train.lr,13,64,0,20.3125,14057.334987181885,3583.242251634598
1773998784.4393904,job_done,baseline:coord:train.lr,14,64,0,21.875,12921.81670665741,3618.1086778640747
1773998792.261718,job_done,baseline:coord:train.lr,15,64,0,23.4375,11844.708049360912,3625.9310355186462
1773998794.0049598,job_done,baseline:coord:train.lr,16,64,0,25.0,10883.022802591324,3627.6742675304413
1773998794.2342649,job_done,baseline:coord:train.lr,17,64,0,26.5625,10030.08620199035,3627.9035198688507
1773998794.2931743,job_done,baseline:coord:train.lr,18,64,0,28.125,9271.459827873441,3627.9625413417816
1773999900.2374535,job_done,baseline:coord:train.lr,19,64,0,29.6875,11211.884304473275,4733.90670633316
1773999949.9545271,job_done,baseline:coord:train.lr,20,64,0,31.25,10523.971876478194,4783.623580217361
1773999970.8850405,job_done,baseline:coord:train.lr,21,64,0,32.8125,9837.896988505408,4804.554343223572
1773999973.866591,job_done,baseline:coord:train.lr,22,64,0,34.375,9178.023007848045,4807.535861253738
1773999974.435514,job_done,baseline:coord:train.lr,23,64,0,35.9375,8570.969389086185,4808.104779243469
1773999974.4938593,job_done,baseline:coord:train.lr,24,64,0,37.5,8013.60499103864,4808.162994623184
1774001060.7541666,job_done,baseline:coord:train.lr,25,64,0,39.0625,9195.300627737044,5894.423479318619
1774001110.9429605,job_done,baseline:coord:train.lr,26,64,0,40.625,8688.279483905206,5944.612278461456
1774001148.507102,job_done,baseline:coord:train.lr,27,64,0,42.1875,8197.797165314356,5982.17630982399
1774001153.386552,job_done,baseline:coord:train.lr,28,64,0,43.75,7697.622218574796,5987.039503335953
1774001154.3368683,job_done,baseline:coord:train.lr,29,64,0,45.3125,7226.903975009919,5988.006150722504
1774001154.3953485,job_done,baseline:coord:train.lr,30,64,0,46.875,6786.473332484563,5988.064705133438
1774002223.5404162,job_done,baseline:coord:train.lr,31,64,0,48.4375,7512.513417720795,7057.209574222565
1774002273.9890647,job_done,baseline:coord:train.lr,32,64,0,50.0,7107.658387184144,7107.658387184143
1774002324.6202388,job_done,baseline:coord:train.lr,33,64,0,51.5625,6724.453678210577,7158.289399385452
1774002332.145338,job_done,baseline:coord:train.lr,34,64,0,53.125,6322.777545101503,7165.814551115036
1774002333.4324713,job_done,baseline:coord:train.lr,35,64,0,54.6875,5938.455641004018,7167.101635694504
1774002333.4908412,job_done,baseline:coord:train.lr,36,64,0,56.25,5574.457895782259,7167.160151720047
1774003388.5989254,job_done,baseline:coord:train.lr,37,64,0,57.8125,6000.033477525453,8222.268098831177
1774003439.052197,job_done,baseline:coord:train.lr,38,64,0,59.375,5660.283065946479,8272.721404075623
1774003497.4298463,job_done,baseline:coord:train.lr,39,64,0,60.9375,5340.448153171784,8331.099118947983
1774003509.7034998,job_done,baseline:coord:train.lr,40,64,0,62.5,5006.023609113693,8343.372681856155
1774003510.8788936,job_done,baseline:coord:train.lr,41,64,0,64.0625,4681.088025005853,8344.548218488693
1774003511.154009,job_done,baseline:coord:train.lr,42,64,0,65.625,4371.097962322689,8344.823382616043
1774004556.78844,job_done,baseline:coord:train.lr,43,64,0,67.1875,4586.037492696629,9390.457723140717
1774004607.5315661,job_done,baseline:coord:train.lr,44,64,0,68.75,4291.454931064086,9441.200848340988
1774004666.6770868,job_done,baseline:coord:train.lr,45,64,0,70.3125,4011.257350275252,9500.34635591507
1774004686.881133,job_done,baseline:coord:train.lr,46,64,0,71.875,3725.4327952654467,9520.550476789474
1774004688.5451717,job_done,baseline:coord:train.lr,47,64,0,73.4375,3444.2052350906615,9522.214473485947
1774004688.7878838,job_done,baseline:coord:train.lr,48,64,0,75.0,3174.1523986657457,9522.457195997238
1774005725.0981863,job_done,baseline:coord:train.lr,49,64,0,76.5625,3232.2757750627948,10558.767531871796
1774005775.9424808,job_done,baseline:coord:train.lr,50,64,0,78.125,2970.691288433075,10609.61174440384
1774005835.3746717,job_done,baseline:coord:train.lr,51,64,0,79.6875,2719.560222751954,10669.043950796127
1774005864.081121,job_done,baseline:coord:train.lr,52,64,0,81.25,2468.711644704525,10697.750460386276
1774005866.412639,job_done,baseline:coord:train.lr,53,64,0,82.8125,2220.7717205128583,10700.081926107407
1774005866.6582425,job_done,baseline:coord:train.lr,54,64,0,84.375,1981.5421319007876,10700.327512264252
1774006893.9243078,job_done,baseline:coord:train.lr,55,64,0,85.9375,1919.0607533975078,11727.593492984772
1774006945.1233764,job_done,baseline:coord:train.lr,56,64,0,87.5,1682.684667314802,11778.792671203613
1774007004.6970484,job_done,baseline:coord:train.lr,57,64,0,89.0625,1453.8344603379567,11838.36631989479
1774007041.5802178,job_done,baseline:coord:train.lr,58,64,0,90.625,1228.4726439344472,11875.23555803299
1774007044.6934874,job_done,baseline:coord:train.lr,59,64,0,92.1875,1006.6409114053694,11878.362754583359
1774007044.965657,job_done,baseline:coord:train.lr,60,64,0,93.75,791.9089968363444,11878.634952545166
1774007727.7738435,job_done,baseline:coord:train.lr,61,64,0,95.3125,617.7758913470096,12561.443124055862
1774007754.6116064,job_done,baseline:coord:train.lr,62,64,0,96.875,406.07357608118366,12588.280858516693
1774007775.173985,job_done,baseline:coord:train.lr,63,64,0,98.4375,200.14036933581033,12608.843268156052
1774007782.9640622,job_done,baseline:coord:train.lr,64,64,0,100.0,,12616.633395671844
1774007782.9785292,group_end,baseline:coord:train.lr,64,64,0,100.0,,12616.63449382782
1774007782.9788928,phase_end,,64,64,0,100.0,,12616.648227930069
1774007783.964665,lock_released,,64,64,0,100.0,,12617.633955478668
1774007783.968773,lock_wait,,64,64,0,100.0,,12617.638100624084
1774007783.9692051,lock_acquired,,64,64,0,100.0,,12617.638551235199
1774007783.96962,plan_add,,64,128,0,50.0,12617.638921499252,12617.638921499252
1774007783.970011,phase_start,baseline:coord:train.weight_decay,64,128,0,50.0,12617.639330387115,12617.639330387115
1774007860.189838,group_slots,baseline:coord:train.weight_decay,64,128,0,50.0,12693.859031438828,12693.859031438828
1774007860.1902401,group_start,baseline:coord:train.weight_decay,64,128,0,50.0,12693.859550952911,12693.859550952911
1774009045.43894,job_done,baseline:coord:train.weight_decay,65,128,0,50.78125,13452.045260590772,13879.094316482544
1774009045.6809254,job_done,baseline:coord:train.weight_decay,66,128,0,51.5625,13038.177461443525,13879.350200891495
1774009047.1376197,job_done,baseline:coord:train.weight_decay,67,128,0,52.34375,12637.749481471617,13880.806807518005
1774009047.1900816,job_done,baseline:coord:train.weight_decay,68,128,0,53.125,12247.816956744473,13880.859217643738
1774009047.407561,job_done,baseline:coord:train.weight_decay,69,128,0,53.90625,11869.326538815016,13881.076799631119
1774009047.4588106,job_done,baseline:coord:train.weight_decay,70,128,0,54.6875,11501.506233964648,13881.12821340561
1774010226.6124122,job_done,baseline:coord:train.weight_decay,71,128,0,55.46875,12090.648652090154,15060.28165435791
1774010227.1378388,job_done,baseline:coord:train.weight_decay,72,128,0,56.25,11713.961129188538,15060.807166099548
1774010231.3888555,job_done,baseline:coord:train.weight_decay,73,128,0,57.03125,11350.386182771972,15065.058024406433
1774010231.7220948,job_done,baseline:coord:train.weight_decay,74,128,0,57.8125,10993.66404216354,15065.391465187073
1774010231.9273632,job_done,baseline:coord:train.weight_decay,75,128,0,58.59375,10646.355038703281,15065.596752882004
1774010232.0174196,job_done,baseline:coord:train.weight_decay,76,128,0,59.375,10308.101428019372,15065.686702489853
1774011401.9793496,job_done,baseline:coord:train.weight_decay,77,128,0,60.15625,10753.481555486655,16235.648622989655
1774011403.56272,job_done,baseline:coord:train.weight_decay,78,128,0,60.9375,10408.482060982631,16237.232015132904
1774011411.6452656,job_done,baseline:coord:train.weight_decay,79,128,0,61.71875,10076.207559914528,16245.314229249954
1774011412.2889504,job_done,baseline:coord:train.weight_decay,80,128,0,62.5,9747.574937295913,16245.958228826523
1774011412.5928774,job_done,baseline:coord:train.weight_decay,81,128,0,63.28125,9426.843412093174,16246.262050628662
1774011412.6431577,job_done,baseline:coord:train.weight_decay,82,128,0,64.0625,9113.785029946304,16246.31244468689
1774012565.7980206,job_done,baseline:coord:train.weight_decay,83,128,0,64.84375,9433.446075155076,17399.467205286026
1774012572.364392,job_done,baseline:coord:train.weight_decay,84,128,0,65.625,9117.446159237907,17406.033576726913
1774012591.05335,job_done,baseline:coord:train.weight_decay,85,128,0,66.40625,8814.859675101674,17424.722613573074
1774012592.8286295,job_done,baseline:coord:train.weight_decay,86,128,0,67.1875,8510.615190267563,17426.497770547867
1774012593.3117042,job_done,baseline:coord:train.weight_decay,87,128,0,67.96875,8212.715186354757,17426.981005191803
1774012593.370975,job_done,baseline:coord:train.weight_decay,88,128,0,68.75,7921.381970643997,17427.040335416794
1774013726.31205,job_done,baseline:coord:train.weight_decay,89,128,0,69.53125,8133.025528369325,18559.981333971024
1774013733.3859456,job_done,baseline:coord:train.weight_decay,90,128,0,70.3125,7839.423317782084,18567.05522632599
1774013769.1070547,job_done,baseline:coord:train.weight_decay,91,128,0,71.09375,7563.766185469681,18602.776293992996
1774013771.6083837,job_done,baseline:coord:train.weight_decay,92,128,0,71.875,7280.325945201128,18605.277415513992
1774013772.535692,job_done,baseline:coord:train.weight_decay,93,128,0,72.65625,7002.335216281234,18606.205003261566
1774013772.617028,job_done,baseline:coord:train.weight_decay,94,128,0,73.4375,6729.933387289656,18606.286423683167
1774014887.9248827,job_done,baseline:coord:train.weight_decay,95,128,0,74.21875,6850.659025518518,19721.59416437149
1774014895.1640325,job_done,baseline:coord:train.weight_decay,96,128,0,75.0,6576.277772267659,19728.83331680298
1774014946.6137621,job_done,baseline:coord:train.weight_decay,97,128,0,75.78125,6321.529299374708,19780.26909804344
1774014950.711761,job_done,baseline:coord:train.weight_decay,98,128,0,76.5625,6056.443169992797,19784.38102197647
1774014951.8882759,job_done,baseline:coord:train.weight_decay,99,128,0,77.34375,5795.769330031944,19785.557368040085
1774014951.9466023,job_done,baseline:coord:train.weight_decay,100,128,0,78.125,5539.972447471619,19785.61588382721
1774016051.1278176,job_done,baseline:coord:train.weight_decay,101,128,0,78.90625,5583.064571050135,20884.797099113464
1774016058.367467,job_done,baseline:coord:train.weight_decay,102,128,0,79.6875,5325.421111709931,20892.036669015884
1774016122.3617792,job_done,baseline:coord:train.weight_decay,103,128,0,80.46875,5086.415325264328,20956.031140089035
1774016129.0658467,job_done,baseline:coord:train.weight_decay,104,128,0,81.25,4837.554256989406,20962.735113620758
1774016130.2412815,job_done,baseline:coord:train.weight_decay,105,128,0,82.03125,4592.094700390952,20963.910588741302
1774016130.439,job_done,baseline:coord:train.weight_decay,106,128,0,82.8125,4351.041349384021,20964.10831975937
1774017216.740055,job_done,baseline:coord:train.weight_decay,107,128,0,83.59375,4327.650434331359,22050.40935587883
1774017223.9847422,job_done,baseline:coord:train.weight_decay,108,128,0,84.375,4084.7507534645224,22057.65406870842
1774017295.1070235,job_done,baseline:coord:train.weight_decay,109,128,0,85.15625,3857.30963949326,22128.776352882385
1774017306.151269,job_done,baseline:coord:train.weight_decay,110,128,0,85.9375,3622.8774727171117,22139.806777715683
1774017307.3217473,job_done,baseline:coord:train.weight_decay,111,128,0,86.71875,3390.9625885701394,22140.99101948738
1774017307.549446,job_done,baseline:coord:train.weight_decay,112,128,0,87.5,3163.0312412466324,22141.218688726425
1774018384.9190023,job_done,baseline:coord:train.weight_decay,113,128,0,88.28125,3082.1134910224814,23218.588299036026
1774018392.239162,job_done,baseline:coord:train.weight_decay,114,128,0,89.0625,2852.3045514550126,23225.908490419388
1774018464.2975907,job_done,baseline:coord:train.weight_decay,115,128,0,89.84375,2633.683209512545,23297.966853380203
1774018482.7674592,job_done,baseline:coord:train.weight_decay,116,128,0,90.625,2412.0451805098305,23316.43674492836
1774018484.4507535,job_done,baseline:coord:train.weight_decay,117,128,0,91.40625,2192.3018855987452,23318.120055913925
1774018484.6535826,job_done,baseline:coord:train.weight_decay,118,128,0,92.1875,1976.1290673078115,23318.322994232178
1774019553.8464842,job_done,baseline:coord:train.weight_decay,119,128,0,92.96875,1844.4339644067427,24387.515751600266
1774019561.0997727,job_done,baseline:coord:train.weight_decay,120,128,0,93.75,1626.3179396947226,24394.769095420837
1774019632.0053046,job_done,baseline:coord:train.weight_decay,121,128,0,94.53125,1415.3696031452212,24465.674568653107
1774019658.9161918,job_done,baseline:coord:train.weight_decay,122,128,0,95.3125,1204.5533848707794,24492.585492372513
1774019661.050062,job_done,baseline:coord:train.weight_decay,123,128,0,96.09375,995.7197261631974,24494.705263614655
1774019661.270924,job_done,baseline:coord:train.weight_decay,124,128,0,96.875,790.1593610009841,24494.940191030502
1774020373.8297126,job_done,baseline:coord:train.weight_decay,125,128,0,97.65625,604.9799764709473,25207.499019622803
1774020377.9991324,job_done,baseline:coord:train.weight_decay,126,128,0,98.4375,400.1852133387611,25211.66844034195
1774020402.4157317,job_done,baseline:coord:train.weight_decay,127,128,0,99.21875,198.70921820730678,25236.070712327957
1774020408.7314315,job_done,baseline:coord:train.weight_decay,128,128,0,100.0,,25242.400680303574
1774020408.7324417,group_end,baseline:coord:train.weight_decay,128,128,0,100.0,,25242.401765823364
1774020408.7328007,phase_end,,128,128,0,100.0,,25242.402142047882
1774020409.6368418,lock_released,,128,128,0,100.0,,25243.306146383286
1774020409.6407685,lock_wait,,128,128,0,100.0,,25243.310101509094
1774020409.6411757,lock_acquired,,128,128,0,100.0,,25243.310530424118
1774020409.6415486,plan_add,,128,192,0,66.66666666666667,12621.655440330505,25243.31088066101
1774020409.6419077,phase_start,baseline:coord:train.grad_clip,128,192,0,66.66666666666667,12621.655631422997,25243.311262845993
1774020485.714997,group_slots,baseline:coord:train.grad_clip,128,192,0,66.66666666666667,12659.69208931923,25319.38417863846
1774020485.7153807,group_start,baseline:coord:train.grad_clip,128,192,0,66.66666666666667,12659.692358016966,25319.384716033936
1774021668.6653888,job_done,baseline:coord:train.grad_clip,129,192,0,67.1875,12943.000622666159,26502.33460831642
1774021669.1332312,job_done,baseline:coord:train.grad_clip,130,192,0,67.70833333333333,12639.798132445263,26502.802535772324
1774021670.8391385,job_done,baseline:coord:train.grad_clip,131,192,0,68.22916666666667,12341.79396734165,26504.50835609436
1774021671.4352453,job_done,baseline:coord:train.grad_clip,132,192,0,68.75,12047.774815342642,26505.104593753815
1774021671.649867,job_done,baseline:coord:train.grad_clip,133,192,0,69.27083333333333,11757.998775344147,26505.319273233414
1774021671.7032154,job_done,baseline:coord:train.grad_clip,134,192,0,69.79166666666667,11472.474708322268,26505.37260198593
1774022848.7816944,job_done,baseline:coord:train.grad_clip,135,192,0,70.3125,11688.145959043502,27682.45095562935
1774022850.2204037,job_done,baseline:coord:train.grad_clip,136,192,0,70.83333333333333,11399.248654323465,27683.889589071274
1774022853.8133426,job_done,baseline:coord:train.grad_clip,137,192,0,71.35416666666667,11115.412581053964,27687.4822473526
1774022854.5797915,job_done,baseline:coord:train.grad_clip,138,192,0,71.875,10834.532256230064,27688.249099254608
1774022854.7736642,job_done,baseline:coord:train.grad_clip,139,192,0,72.39583333333333,10557.4638619097,27688.44295859337
1774022854.847153,job_done,baseline:coord:train.grad_clip,140,192,0,72.91666666666667,10284.306112630025,27688.51645708084
1774024021.8442888,job_done,baseline:coord:train.grad_clip,141,192,0,73.4375,10437.100657229728,28855.513581752777
1774024026.8757114,job_done,baseline:coord:train.grad_clip,142,192,0,73.95833333333333,10162.163726376817,28860.544982910156
1774024033.8036854,job_done,baseline:coord:train.grad_clip,143,192,0,74.47916666666667,9891.651514801946,28867.472788095474
1774024034.6465979,job_done,baseline:coord:train.grad_clip,144,192,0,75.0,9622.771959781647,28868.31587934494
1774024034.8672564,job_done,baseline:coord:train.grad_clip,145,192,0,75.52083333333333,9357.38769626453,28868.536509752274
1774024034.940364,job_done,baseline:coord:train.grad_clip,146,192,0,76.04166666666667,9095.589349034713,28868.609673023224
1774025177.740881,job_done,baseline:coord:train.grad_clip,147,192,0,76.5625,9187.166365093115,30011.41012597084
1774025195.3564932,job_done,baseline:coord:train.grad_clip,148,192,0,77.08333333333333,8927.548206058707,30029.025784015656
1774025213.2824855,job_done,baseline:coord:train.grad_clip,149,192,0,77.60416666666667,8671.267976589652,30046.951825857162
1774025215.0794158,job_done,baseline:coord:train.grad_clip,150,192,0,78.125,8413.64963517189,30048.748697042465
1774025215.427639,job_done,baseline:coord:train.grad_clip,151,192,0,78.64583333333333,8159.0263204969315,30049.09693646431
1774025215.543632,job_done,baseline:coord:train.grad_clip,152,192,0,79.16666666666667,7907.6876194226115,30049.212953805923
1774026337.56156,job_done,baseline:coord:train.grad_clip,153,192,0,79.6875,7945.6078550301345,31171.23081588745
1774026355.6133595,job_done,baseline:coord:train.grad_clip,154,192,0,80.20833333333333,7696.0567592026355,31189.282655715942
1774026392.019176,job_done,baseline:coord:train.grad_clip,155,192,0,80.72916666666667,7453.874036698187,31225.68853211403
1774026395.307167,job_done,baseline:coord:train.grad_clip,156,192,0,81.25,7206.686798077364,31228.976125001907
1774026396.3515537,job_done,baseline:coord:train.grad_clip,157,192,0,81.77083333333333,6962.106549071658,31230.020805835724
1774026396.3535304,job_done,baseline:coord:train.grad_clip,158,192,0,82.29166666666667,6720.384526536435,31230.022211551666
1774027498.8528101,job_done,baseline:coord:train.grad_clip,159,192,0,82.8125,6710.5205693514845,32332.508197784424
1774027516.6321568,job_done,baseline:coord:train.grad_clip,160,192,0,83.33333333333333,6470.060263967514,32350.30131983757
1774027568.846258,job_done,baseline:coord:train.grad_clip,161,192,0,83.85416666666667,6238.993681808436,32402.51557326317
1774027574.3758278,job_done,baseline:coord:train.grad_clip,162,192,0,84.375,6001.489834299794,32408.045105218887
1774027575.750955,job_done,baseline:coord:train.grad_clip,163,192,0,84.89583333333333,5766.093162994443,32409.42019200325
1774027575.8268514,job_done,baseline:coord:train.grad_clip,164,192,0,85.41666666666667,5533.328589445207,32409.496023893356
1774028662.6124802,job_done,baseline:coord:train.grad_clip,165,192,0,85.9375,5481.209745155681,33496.281775951385
1774028680.171235,job_done,baseline:coord:train.grad_clip,166,192,0,86.45833333333333,5249.155749496207,33513.840554475784
1774028743.543296,job_done,baseline:coord:train.grad_clip,167,192,0,86.97916666666667,5026.528835475087,33577.21262097359
1774028752.5483496,job_done,baseline:coord:train.grad_clip,168,192,0,87.5,4798.031091179166,33586.217638254166
1774028754.2257874,job_done,baseline:coord:train.grad_clip,169,192,0,88.02083333333333,4571.133650991338,33587.89508771896
1774028754.3004818,job_done,baseline:coord:train.grad_clip,170,192,0,88.54166666666667,4346.678454424353,33587.969875097275
1774029829.0828788,job_done,baseline:coord:train.grad_clip,171,192,0,89.0625,4256.829212728299,34662.75216078758
1774029846.2886324,job_done,baseline:coord:train.grad_clip,172,192,0,89.58333333333333,4032.5532497638883,34679.95794796944
1774029914.6502728,job_done,baseline:coord:train.grad_clip,173,192,0,90.10416666666667,3816.2894351165414,34748.319593429565
1774029929.362087,job_done,baseline:coord:train.grad_clip,174,192,0,90.625,3596.1742071858766,34763.01733613014
1774029932.1781807,job_done,baseline:coord:train.grad_clip,175,192,0,91.14583333333333,3377.2537539550235,34765.84746718407
1774029932.2398672,job_done,baseline:coord:train.grad_clip,176,192,0,91.66666666666667,3160.5371937535024,34765.90913128853
1774030997.9119952,job_done,baseline:coord:train.grad_clip,177,192,0,92.1875,3036.574676400524,35831.581181526184
1774031014.845239,job_done,baseline:coord:train.grad_clip,178,192,0,92.70833333333333,2819.5460912190124,35848.51458835602
1774031083.821745,job_done,baseline:coord:train.grad_clip,179,192,0,93.22916666666667,2608.5328707828203,35917.49106693268
1774031105.8629582,job_done,baseline:coord:train.grad_clip,180,192,0,93.75,2395.968810081482,35939.53215122223
1774031110.5104866,job_done,baseline:coord:train.grad_clip,181,192,0,94.27083333333333,2184.4529123872685,35944.179740190506
1774031110.5695255,job_done,baseline:coord:train.grad_clip,182,192,0,94.79166666666667,1974.958174582366,35944.23877739906
1774032166.8422668,job_done,baseline:coord:train.grad_clip,183,192,0,95.3125,1819.6972891776288,37000.511546611786
1774032183.4121852,job_done,baseline:coord:train.grad_clip,184,192,0,95.83333333333333,1609.438326327697,37017.08150553703
1774032253.1192076,job_done,baseline:coord:train.grad_clip,185,192,0,96.35416666666667,1403.2838901210475,37086.788524627686
1774032281.4909315,job_done,baseline:coord:train.grad_clip,186,192,0,96.875,1197.2632324849405,37115.16020703316
1774032287.7956195,job_done,baseline:coord:train.grad_clip,187,192,0,97.39583333333333,992.5525352597874,37121.46481871605
1774032287.8527396,job_done,baseline:coord:train.grad_clip,188,192,0,97.91666666666667,789.8196195287908,37121.522117853165
1774032991.0125968,job_done,baseline:coord:train.grad_clip,189,192,0,98.4375,600.3917753507221,37824.68184709549
1774033000.5840895,job_done,baseline:coord:train.grad_clip,190,192,0,98.95833333333333,398.2552979670073,37834.25330686569
1774033024.566893,job_done,baseline:coord:train.grad_clip,191,192,0,99.47916666666667,198.21058732801706,37858.22217965126
1774033030.6202695,job_done,baseline:coord:train.grad_clip,192,192,0,100.0,,37864.28944325447
1774033030.6213133,group_end,baseline:coord:train.grad_clip,192,192,0,100.0,,37864.29059672356
1774033030.621714,phase_end,,192,192,0,100.0,,37864.291053295135
1774033031.4554772,lock_released,,192,192,0,100.0,,37865.12476372719
1774033031.4596105,lock_wait,,192,192,0,100.0,,37865.128918647766
1774033031.460024,lock_acquired,,192,192,0,100.0,,37865.129375219345
1774033031.4603949,plan_add,,192,246,0,78.04878048780488,10649.567736491561,37865.12972974777
1774033031.4607558,phase_start,baseline:local_var_topk,192,246,0,78.04878048780488,10649.567840360105,37865.13009905815
1774033107.8700144,group_slots,baseline:local_var_topk,192,246,0,78.04878048780488,10671.057931870222,37941.539313316345
1774033107.8702736,group_start,baseline:local_var_topk,192,246,0,78.04878048780488,10671.0580400303,37941.53969788551
1774034287.8221629,job_done,baseline:local_var_topk,193,246,0,78.45528455284553,10743.20748002171,39121.491389513016
1774034293.6237264,job_done,baseline:local_var_topk,194,246,0,78.86178861788618,10487.728011539302,39127.292966127396
1774034293.8981695,job_done,baseline:local_var_topk,195,246,0,79.26829268292683,10233.36377074535,39127.56735873222
1774034294.0131314,job_done,baseline:local_var_topk,196,246,0,79.67479674796748,9981.551644266869,39127.68244552612
1774034294.107377,job_done,baseline:local_var_topk,197,246,0,80.08130081300813,9732.289635333918,39127.77669715881
1774034294.206728,job_done,baseline:local_var_topk,198,246,0,80.48780487804878,9485.545712210915,39127.876062870026
1774035445.2340019,job_done,baseline:local_var_topk,199,246,0,80.89430894308943,9513.107761202147,40278.90307402611
1774035473.7552943,job_done,baseline:local_var_topk,200,246,0,81.30081300813008,9270.707650625705,40307.42456793785
1774035477.709472,job_done,baseline:local_var_topk,201,246,0,81.70731707317073,9024.935546348344,40311.37877368927
1774035477.9150505,job_done,baseline:local_var_topk,202,246,0,82.11382113821138,8780.741082677747,40311.5840613842
1774035478.2601311,job_done,baseline:local_var_topk,203,246,0,82.52032520325203,8538.980058955442,40311.92911553383
1774035478.3305635,job_done,baseline:local_var_topk,204,246,0,82.92682926829268,8299.529403174625,40311.99995827675
1774036579.1989496,job_done,baseline:local_var_topk,205,246,0,83.33333333333333,8282.573647117613,41412.868235588074
1774036649.1211684,job_done,baseline:local_var_topk,206,246,0,83.73983739837398,8054.910771823623,41482.79047489166
1774036659.2218165,job_done,baseline:local_var_topk,207,246,0,84.14634146341463,7817.50121018161,41492.891038656235
1774036660.1677365,job_done,baseline:local_var_topk,208,246,0,84.55284552845528,7580.604842050718,41493.83703017235
1774036660.468261,job_done,baseline:local_var_topk,209,246,0,84.95934959349593,7345.85210989765,41494.137593746185
1774036660.527611,job_done,baseline:local_var_topk,210,246,0,85.36585365853658,7113.290907587324,41494.196960926056
1774037731.0622447,job_done,baseline:local_var_topk,211,246,0,85.77235772357723,7060.500488970518,42564.73151922226
1774037812.6754677,job_done,baseline:local_var_topk,212,246,0,86.17886178861788,6839.508121609688,42646.34475827217
1774037838.3713744,job_done,baseline:local_var_topk,213,246,0,86.58536585365853,6611.1612244559,42672.040630578995
1774037840.1354816,job_done,baseline:local_var_topk,214,246,0,86.99186991869918,6381.129681631784,42673.80474591255
1774037840.6713924,job_done,baseline:local_var_topk,215,246,0,87.39837398373983,6153.044473663595,42674.34070444107
1774037840.7681339,job_done,baseline:local_var_topk,216,246,0,87.8048780487805,5927.005211909612,42674.43752574921
1774038891.0342717,job_done,baseline:local_var_topk,217,246,0,88.21138211382114,5843.393564066029,43724.703565597534
1774038972.6451025,job_done,baseline:local_var_topk,218,246,0,88.6178861788618,5626.49909595612,43806.31438994408
1774039017.2610202,job_done,baseline:local_var_topk,219,246,0,89.02439024390245,5406.279079963083,43850.93031525612
1774039020.0649686,job_done,baseline:local_var_topk,220,246,0,89.4308943089431,5182.7140466646715,43853.73424100876
1774039021.2505517,job_done,baseline:local_var_topk,221,246,0,89.83739837398375,4960.96378084761,43854.91982269287
1774039021.308265,job_done,baseline:local_var_topk,222,246,0,90.2439024390244,4741.07865524292,43854.97756099701
1774040052.032829,job_done,baseline:local_var_topk,223,246,0,90.65040650406505,4629.465595733959,44885.6881673336
1774040134.0241547,job_done,baseline:local_var_topk,224,246,0,91.0569105691057,4416.469882713896,44967.69335126877
1774040194.745971,job_done,baseline:local_var_topk,225,246,0,91.46341463414635,4202.652080726623,45028.415150642395
1774040199.3891158,job_done,baseline:local_var_topk,226,246,0,91.869918699187,3985.225174806814,45033.044475317
1774040200.890465,job_done,baseline:local_var_topk,227,246,0,92.27642276422765,3769.4124876003434,45034.559720277786
1774040200.9496827,job_done,baseline:local_var_topk,228,246,0,92.6829268292683,3555.3646571573454,45034.618990659714
1774041214.4168794,job_done,baseline:local_var_topk,229,246,0,93.08943089430895,3418.4168764670344,46048.0861594677
1774041296.3643436,job_done,baseline:local_var_topk,230,246,0,93.4959349593496,3209.0458168693212,46130.03361749649
1774041369.2571898,job_done,baseline:local_var_topk,231,246,0,93.90243902439025,3000.1900323335226,46202.92649793625
1774041376.6481626,job_done,baseline:local_var_topk,232,246,0,94.3089430894309,2788.5536399607,46210.31746220589
1774041378.5180762,job_done,baseline:local_var_topk,233,246,0,94.71544715447155,2578.362380292794,46212.187277555466
1774041378.5764751,job_done,baseline:local_var_topk,234,246,0,95.1219512195122,2369.8587555396252,46212.24573302269
1774042380.2582076,job_done,baseline:local_var_topk,235,246,0,95.52845528455285,2210.01362734754,47213.92749333382
1774042462.3520596,job_done,baseline:local_var_topk,236,246,0,95.9349593495935,2004.0687005398636,47296.021332740784
1774042541.9445543,job_done,baseline:local_var_topk,237,246,0,96.34146341463415,1799.0739385870438,47375.61371612549
1774042554.0496583,job_done,baseline:local_var_topk,238,246,0,96.7479674796748,1592.8644992203272,47387.71885180473
1774042556.264022,job_done,baseline:local_var_topk,239,246,0,97.15447154471545,1387.989678983409,47389.93332529068
1774042556.360824,job_done,baseline:local_var_topk,240,246,0,97.5609756097561,1184.7507564544678,47390.03025817871
1774043549.3247833,job_done,baseline:local_var_topk,241,246,0,97.96747967479675,1003.7965571286768,48382.99405360222
1774043619.769821,job_done,baseline:local_var_topk,242,246,0,98.3739837398374,800.8832916858768,48453.439146995544
1774043674.938344,job_done,baseline:local_var_topk,243,246,0,98.78048780487805,598.8716989152225,48508.607612133026
1774043685.9402485,job_done,baseline:local_var_topk,244,246,0,99.1869918699187,397.7016024745879,48519.59550189972
1774043687.279807,job_done,baseline:local_var_topk,245,246,0,99.59349593495935,198.04469036958656,48520.949140548706
1774043687.3554215,job_done,baseline:local_var_topk,246,246,0,100.0,,48521.02481031418
1774043687.3559012,group_end,baseline:local_var_topk,246,246,0,100.0,,48521.0253098011
1774043687.3561165,phase_end,,246,246,0,100.0,,48521.02554440498
1774043688.298063,lock_released,,246,246,0,100.0,,48521.96737122536
1774043688.3135052,method_done,,246,246,0,100.0,,48521.98284864426
1774043688.3138676,method_start,,246,246,0,100.0,,48521.98321890831
1774043688.314308,lock_wait,,246,246,0,100.0,,48521.98366236687
1774043688.3147054,lock_acquired,,246,246,0,100.0,,48521.98405838013
1774043688.315058,lock_released,,246,246,0,100.0,,48521.9844148159
1774043688.3167315,lock_wait,,246,246,0,100.0,,48521.98606920242
1774043688.3171022,lock_acquired,,246,246,0,100.0,,48521.98646068573
1774043688.3174746,plan_add,,246,286,0,86.01398601398601,7889.753951677462,48521.98680281639
1774043688.3178282,phase_start,cagrad:coord:train.lr,246,286,0,86.01398601398601,7889.75401258081,48521.98717737198
1774043765.1695106,group_slots,cagrad:coord:train.lr,246,286,0,86.01398601398601,7902.250208738374,48598.838783741
1774043765.1697693,group_start,cagrad:coord:train.lr,246,286,0,86.01398601398601,7902.250274565161,48598.839188575745
1774044973.5346982,job_done,cagrad:coord:train.lr,247,286,0,86.36363636363636,7864.295341316022,49807.20382833481
1774045042.0551453,job_done,cagrad:coord:train.lr,248,286,0,86.7132867132867,7642.248051397262,49875.72412490845
1774045043.1013684,job_done,cagrad:coord:train.lr,249,286,0,87.06293706293707,7411.407674393023,49876.770565509796
1774045043.2323709,job_done,cagrad:coord:train.lr,250,286,0,87.41258741258741,7182.27382749939,49876.90157985687
1774045043.4528906,job_done,cagrad:coord:train.lr,251,286,0,87.76223776223776,6954.977199603836,49877.12220287323
1774045043.5182147,job_done,cagrad:coord:train.lr,252,286,0,88.1118881118881,6729.461808547141,49877.18752217293
1774046020.8113163,job_done,cagrad:coord:train.lr,253,286,0,88.46153846153847,6633.193124646726,50854.480622291565
1774046243.8114414,job_done,cagrad:coord:train.lr,254,286,0,88.81118881118881,6434.95820356354,51077.4807407856
1774046246.7765598,job_done,cagrad:coord:train.lr,255,286,0,89.16083916083916,6209.779685005487,51080.44579601288
1774046247.1850805,job_done,cagrad:coord:train.lr,256,286,0,89.5104895104895,5986.037627113983,51080.85441803932
1774046247.3095603,job_done,cagrad:coord:train.lr,257,286,0,89.86013986013987,5764.001511672128,51080.97891378403
1774046247.4063745,job_done,cagrad:coord:train.lr,258,286,0,90.20979020979021,5543.682631293008,51081.07567405701
1774047074.3069022,job_done,cagrad:coord:train.lr,259,286,0,90.55944055944056,5411.256199452868,51907.976135492325
1774047432.377872,job_done,cagrad:coord:train.lr,260,286,0,90.9090909090909,5226.604718446732,52266.047184467316
1774047450.82421,job_done,cagrad:coord:train.lr,261,286,0,91.25874125874125,5008.0932481992295,52284.49351119995
1774047451.5916355,job_done,cagrad:coord:train.lr,262,286,0,91.60839160839161,4789.489549556761,52285.260915994644
1774047451.736977,job_done,cagrad:coord:train.lr,263,286,0,91.95804195804196,4572.488010913246,52285.40638566017
1774047451.8053176,job_done,cagrad:coord:train.lr,264,286,0,92.3076923076923,4357.122894227505,52285.47473073006
1774048229.294948,job_done,cagrad:coord:train.lr,265,286,0,92.65734265734265,4204.989615548331,53062.96419620514
1774048561.894597,job_done,cagrad:coord:train.lr,266,286,0,93.00699300699301,4014.7040421801403,53395.563760995865
1774048652.905035,job_done,cagrad:coord:train.lr,267,286,0,93.35664335664336,3806.160717947206,53486.5742995739
1774048655.0750856,job_done,cagrad:coord:train.lr,268,286,0,93.7062937062937,3592.52760386467,53488.744324207306
1774048655.3662848,job_done,cagrad:coord:train.lr,269,286,0,94.05594405594405,3380.347968721035,53489.03550505638
1774048655.4318948,job_done,cagrad:coord:train.lr,270,286,0,94.4055944055944,3169.724511690493,53489.10113477707
1774049392.9439433,job_done,cagrad:coord:train.lr,271,286,0,94.75524475524476,3001.4730602964705,54226.61328935623
1774049682.724814,job_done,cagrad:coord:train.lr,272,286,0,95.1048951048951,2805.9908734910628,54516.39411354065
1774049845.4494138,job_done,cagrad:coord:train.lr,273,286,0,95.45454545454545,2603.7675565765016,54679.11868810654
1774049849.1185522,job_done,cagrad:coord:train.lr,274,286,0,95.8041958041958,2394.8666161829537,54682.787736177444
1774049850.5261247,job_done,cagrad:coord:train.lr,275,286,0,96.15384615384616,2187.367816762924,54684.195419073105
1774049850.6389873,job_done,cagrad:coord:train.lr,276,286,0,96.5034965034965,1981.3155167776606,54684.30826306343
1774050531.1192636,job_done,cagrad:coord:train.lr,277,286,0,96.85314685314685,1798.855947159688,55364.78859591484
1774050822.0044925,job_done,cagrad:coord:train.lr,278,286,0,97.2027972027972,1601.6021193085815,55655.673645973206
1774051034.2022772,job_done,cagrad:coord:train.lr,279,286,0,97.55244755244755,1401.7028706595036,55867.87155914307
1774051041.9632652,job_done,cagrad:coord:train.lr,280,286,0,97.9020979020979,1197.3349826880863,55875.63252544403
1774051042.7486694,job_done,cagrad:coord:train.lr,281,286,0,98.25174825174825,994.242311983346,55876.41793346405
1774051042.8703804,job_done,cagrad:coord:train.lr,282,286,0,98.6013986013986,792.575030982917,55876.539684295654
1774051468.907258,job_done,cagrad:coord:train.lr,283,286,0,98.95104895104895,596.8471016184601,56302.57658600807
1774051613.4156415,job_done,cagrad:coord:train.lr,284,286,0,99.3006993006993,397.5146823164443,56447.08488893509
1774051708.7329736,job_done,cagrad:coord:train.lr,285,286,0,99.65034965034965,198.39439352102445,56542.402153491974
1774051711.2822835,job_done,cagrad:coord:train.lr,286,286,0,100.0,,56544.95148611069
1774051711.296735,group_end,cagrad:coord:train.lr,286,286,0,100.0,,56544.952390909195
1774051711.2971044,phase_end,,286,286,0,100.0,,56544.96643400192
1774051712.1146927,lock_released,,286,286,0,100.0,,56545.78399896622
1774051712.1174586,lock_wait,,286,286,0,100.0,,56545.78677749634
1774051712.1178882,lock_acquired,,286,286,0,100.0,,56545.78723144531
1774051712.1182601,plan_add,,286,324,0,88.27160493827161,7513.076673877823,56545.78759813309
1774051712.1186612,phase_start,cagrad:coord:train.weight_decay,286,324,0,88.27160493827161,7513.076725798053,56545.78798890114
1774051789.0918736,group_slots,cagrad:coord:train.weight_decay,286,324,0,88.27160493827161,7523.303930906149,56622.761164188385
1774051789.0925233,group_start,cagrad:coord:train.weight_decay,286,324,0,88.27160493827161,7523.303982477922,56622.76155233383
1774053056.3708518,job_done,cagrad:coord:train.weight_decay,287,324,0,88.58024691358025,7463.17590435706,57890.04012298584
1774053062.954559,job_done,cagrad:coord:train.weight_decay,288,324,0,88.88888888888889,7237.0779702961445,57896.623762369156
1774053063.0721924,job_done,cagrad:coord:train.weight_decay,289,324,0,89.19753086419753,7011.716091096608,57896.74143791199
1774053063.184096,job_done,cagrad:coord:train.weight_decay,290,324,0,89.50617283950618,6787.906939777835,57896.853309869766
1774053063.4053738,job_done,cagrad:coord:train.weight_decay,291,324,0,89.81481481481481,6565.6476438905775,57897.07467794418
1774053063.4656196,job_done,cagrad:coord:train.weight_decay,292,324,0,90.12345679012346,6344.891504705769,57897.13498044014
1774054201.0252316,job_done,cagrad:coord:train.weight_decay,293,324,0,90.4320987654321,6245.99157012282,59034.69451761246
1774054264.499763,job_done,cagrad:coord:train.weight_decay,294,324,0,90.74074074074075,6030.425412849504,59098.16904592514
1774054266.2757118,job_done,cagrad:coord:train.weight_decay,295,324,0,91.04938271604938,5809.825083570965,59099.94481563568
1774054266.4991283,job_done,cagrad:coord:train.weight_decay,296,324,0,91.35802469135803,5590.55647415406,59100.168441057205
1774054266.5565288,job_done,cagrad:coord:train.weight_decay,297,324,0,91.66666666666667,5372.747802864421,59100.22583150864
1774054266.7689035,job_done,cagrad:coord:train.weight_decay,298,324,0,91.9753086419753,5156.414073574463,59100.43822789192
1774055220.3216605,job_done,cagrad:coord:train.weight_decay,299,324,0,92.28395061728395,5021.236700876102,60053.99094247818
1774055468.1741557,job_done,cagrad:coord:train.weight_decay,300,324,0,92.5925925925926,4824.147474708557,60301.843433856964
1774055475.773142,job_done,cagrad:coord:train.weight_decay,301,324,0,92.90123456790124,4608.362697537159,60309.44225907326
1774055475.988766,job_done,cagrad:coord:train.weight_decay,302,324,0,93.20987654320987,4393.418801926619,60309.6580991745
1774055476.0484033,job_done,cagrad:coord:train.weight_decay,303,324,0,93.51851851851852,4179.8814252485145,60309.717707157135
1774055476.1080344,job_done,cagrad:coord:train.weight_decay,304,324,0,93.82716049382717,3967.7485159666917,60309.77744269371
1774056303.9937956,job_done,cagrad:coord:train.weight_decay,305,324,0,94.1358024691358,3808.5757338312806,61137.66309571266
1774056642.4832993,job_done,cagrad:coord:train.weight_decay,306,324,0,94.44444444444444,3616.2442639715528,61476.1524875164
1774056670.752654,job_done,cagrad:coord:train.weight_decay,307,324,0,94.75308641975309,3405.782319735238,61504.4218916893
1774056671.5961235,job_done,cagrad:coord:train.weight_decay,308,324,0,95.06172839506173,3195.0787237464606,61505.26543211937
1774056671.6586728,job_done,cagrad:coord:train.weight_decay,309,324,0,95.37037037037037,2985.695528810464,61505.32789349556
1774056671.7189682,job_done,cagrad:coord:train.weight_decay,310,324,0,95.67901234567901,2777.6626960385233,61505.38826942444
1774057450.2139792,job_done,cagrad:coord:train.weight_decay,311,324,0,95.98765432098766,2603.5063737243704,62283.88324832916
1774057743.3601227,job_done,cagrad:coord:train.weight_decay,312,324,0,96.29629629629629,2406.8088196974536,62577.02931213379
1774057873.52198,job_done,cagrad:coord:train.weight_decay,313,324,0,96.60493827160494,2203.7671009069813,62707.19114398956
1774057875.6546023,job_done,cagrad:coord:train.weight_decay,314,324,0,96.91358024691358,1997.1117821772389,62709.309960365295
1774057875.7650888,job_done,cagrad:coord:train.weight_decay,315,324,0,97.22222222222223,1791.6981235436033,62709.43432402611
1774057875.9936655,job_done,cagrad:coord:train.weight_decay,316,324,0,97.53086419753086,1587.5864004726652,62709.66281867027
1774058612.5884216,job_done,cagrad:coord:train.weight_decay,317,324,0,97.8395061728395,1401.021462800751,63446.257672548294
1774058857.5016096,job_done,cagrad:coord:train.weight_decay,318,324,0,98.14814814814815,1201.7202025674424,63691.17073607445
1774059066.6627884,job_done,cagrad:coord:train.weight_decay,319,324,0,98.45679012345678,1001.5726025986447,63900.33204579353
1774059071.7882562,job_done,cagrad:coord:train.weight_decay,320,324,0,98.76543209876543,798.8182189643383,63905.457517147064
1774059072.0869732,job_done,cagrad:coord:train.weight_decay,321,324,0,99.07407407407408,597.2500585796677,63905.756268024445
1774059072.1807485,job_done,cagrad:coord:train.weight_decay,322,324,0,99.38271604938272,396.93074608293375,63905.85011935234
1774059307.1715791,job_done,cagrad:coord:train.weight_decay,323,324,0,99.69135802469135,198.57845464431833,64140.84085011482
1774059359.5449817,job_done,cagrad:coord:train.weight_decay,324,324,0,100.0,,64193.214217185974
1774059359.559393,group_end,cagrad:coord:train.weight_decay,324,324,0,100.0,,64193.21547961235
1774059359.5597816,phase_end,,324,324,0,100.0,,64193.22909998894
1774059360.4803493,lock_released,,324,324,0,100.0,,64194.14963245392
1774059360.4831553,lock_wait,,324,324,0,100.0,,64194.15248990059
1774059360.483596,lock_acquired,,324,324,0,100.0,,64194.1529378891
1774059360.4839764,plan_add,,324,362,0,89.50276243093923,7528.943905980498,64194.1533036232
1774059360.4843636,phase_start,cagrad:coord:train.grad_clip,324,362,0,89.50276243093923,7528.943951140216,64194.153688669205
1774059437.4582434,group_slots,cagrad:coord:train.grad_clip,324,362,0,89.50276243093923,7537.971735724696,64271.12743091583
1774059437.4586468,group_start,cagrad:coord:train.grad_clip,324,362,0,89.50276243093923,7537.971800458285,64271.12798285484
1774060688.0037377,job_done,cagrad:coord:train.grad_clip,325,362,0,89.77900552486187,7459.390451462085,65521.672884464264
1774060693.7099261,job_done,cagrad:coord:train.grad_clip,326,362,0,90.05524861878453,7236.15229549876,65527.379120349884
1774060693.9298277,job_done,cagrad:coord:train.grad_clip,327,362,0,90.33149171270718,7013.657384374455,65527.598991155624
1774060694.026684,job_done,cagrad:coord:train.grad_clip,328,362,0,90.60773480662984,6792.505068633614,65527.69595623016
1774060694.1667688,job_done,cagrad:coord:train.grad_clip,329,362,0,90.88397790055248,6572.700893910098,65527.83618474007
1774060694.214731,job_done,cagrad:coord:train.grad_clip,330,362,0,91.16022099447514,6354.219055545692,65527.88401031494
1774061835.6308787,job_done,cagrad:coord:train.grad_clip,331,362,0,91.43646408839778,6243.95258384745,66669.30016946793
1774061896.27996,job_done,cagrad:coord:train.grad_clip,332,362,0,91.71270718232044,6029.814685963723,66729.94919133186
1774061897.039159,job_done,cagrad:coord:train.grad_clip,333,362,0,91.98895027624309,5811.383016057201,66730.70842576027
1774061898.0549917,job_done,cagrad:coord:train.grad_clip,334,362,0,92.26519337016575,5594.276288615015,66731.72429990768
1774061898.157642,job_done,cagrad:coord:train.grad_clip,335,362,0,92.54143646408839,5378.386038914723,66731.82677912712
1774061898.2681386,job_done,cagrad:coord:train.grad_clip,336,362,0,92.81767955801105,5163.780866796063,66731.93735551834
1774062868.7891047,job_done,cagrad:coord:train.grad_clip,337,362,0,93.0939226519337,5022.437559497109,67702.45830202103
1774063100.6637325,job_done,cagrad:coord:train.grad_clip,338,362,0,93.37016574585635,4823.738636648866,67934.31913280487
1774063102.2771676,job_done,cagrad:coord:train.grad_clip,339,362,0,93.646408839779,4609.223505117197,67935.94644498825
1774063104.3175251,job_done,cagrad:coord:train.grad_clip,340,362,0,93.92265193370166,4395.9873820529265,67937.98681354523
1774063104.3877873,job_done,cagrad:coord:train.grad_clip,341,362,0,94.1988950276243,4183.868622779846,67938.0571603775
1774063104.4458165,job_done,cagrad:coord:train.grad_clip,342,362,0,94.47513812154696,3972.989192092628,67938.11518478394
1774063929.177499,job_done,cagrad:coord:train.grad_clip,343,362,0,94.7513812154696,3809.020665004024,68762.84674191475
1774064298.557108,job_done,cagrad:coord:train.grad_clip,344,362,0,95.02762430939227,3617.383933541387,69132.22628545761
1774064308.7367,job_done,cagrad:coord:train.grad_clip,345,362,0,95.30386740331491,3407.0171073823735,69142.40600275993
1774064312.3862193,job_done,cagrad:coord:train.grad_clip,346,362,0,95.58011049723757,3197.5054515221213,69146.05538916588
1774064312.4439306,job_done,cagrad:coord:train.grad_clip,347,362,0,95.85635359116021,2989.0250675375933,69146.11322903633
1774064312.7271652,job_done,cagrad:coord:train.grad_clip,348,362,0,96.13259668508287,2781.75157670043,69146.39633512497
1774065100.8078923,job_done,cagrad:coord:train.grad_clip,349,362,0,96.40883977900552,2605.0091726301735,69934.47701907158
1774065443.1930509,job_done,cagrad:coord:train.grad_clip,350,362,0,96.68508287292818,2409.491949430193,70276.8485250473
1774065518.5389333,job_done,cagrad:coord:train.grad_clip,351,362,0,96.96132596685082,2204.770055120827,70352.20812249184
1774065524.7035217,job_done,cagrad:coord:train.grad_clip,352,362,0,97.23756906077348,1998.8174094733865,70358.37281346321
1774065524.804308,job_done,cagrad:coord:train.grad_clip,353,362,0,97.51381215469613,1793.8421035272204,70358.4736161232
1774065524.9374323,job_done,cagrad:coord:train.grad_clip,354,362,0,97.79005524861878,1590.0250050927286,70358.60647535324
1774066275.7564802,job_done,cagrad:coord:train.grad_clip,355,362,0,98.06629834254143,1402.1576909676403,71109.42575621605
1774066560.564461,job_done,cagrad:coord:train.grad_clip,356,362,0,98.34254143646409,1203.2736023168886,71394.23373746872
1774066704.5384815,job_done,cagrad:coord:train.grad_clip,357,362,0,98.61878453038673,1001.9356831148559,71538.20777440071
1774066717.0529716,job_done,cagrad:coord:train.grad_clip,358,362,0,98.89502762430939,799.4494094209299,71550.72214317322
1774066717.2880523,job_done,cagrad:coord:train.grad_clip,359,362,0,99.17127071823204,597.9188639599633,71550.95738720894
1774066717.4050243,job_done,cagrad:coord:train.grad_clip,360,362,0,99.4475138121547,397.5059684038162,71551.07431268692
1774066958.20231,job_done,cagrad:coord:train.grad_clip,361,362,0,99.72375690607734,198.86945010222226,71791.87148690224
1774067017.4451742,job_done,cagrad:coord:train.grad_clip,362,362,0,100.0,,71851.11444711685
1774067017.4595594,group_end,cagrad:coord:train.grad_clip,362,362,0,100.0,,71851.11525797844
1774067017.4597738,phase_end,,362,362,0,100.0,,71851.12920641899
1774067018.3127193,lock_released,,362,362,0,100.0,,71851.982026577
1774067018.315515,lock_wait,,362,362,0,100.0,,71851.98483228683
1774067018.31592,lock_acquired,,362,362,0,100.0,,71851.98527812958
1774067018.3162696,plan_add,,362,400,0,90.5,7542.473628971458,71851.98562335968
1774067018.316634,phase_start,cagrad:coord:method.baseline_cagrad.c,362,400,0,90.5,7542.473667138189,71851.98598694801
1774067095.338413,group_slots,cagrad:coord:method.baseline_cagrad.c,362,400,0,90.5,7550.558818782892,71929.00769472122
1774067095.3386781,group_start,cagrad:coord:method.baseline_cagrad.c,362,400,0,90.5,7550.558861129192,71929.00809812546
1774068362.7015815,job_done,cagrad:coord:method.baseline_cagrad.c,363,400,0,90.75,7460.787100991599,73196.37074756622
1774068375.5024476,job_done,cagrad:coord:method.baseline_cagrad.c,364,400,0,91.0,7240.467521337363,73209.17160463333
1774068377.4652781,job_done,cagrad:coord:method.baseline_cagrad.c,365,400,0,91.25,7020.2457819311585,73211.13458299637
1774068377.6843853,job_done,cagrad:coord:method.baseline_cagrad.c,366,400,0,91.5,6801.054712037571,73211.35366487503
1774068377.761683,job_done,cagrad:coord:method.baseline_cagrad.c,367,400,0,91.75,6583.044201336375,73211.43096637726
1774068377.814588,job_done,cagrad:coord:method.baseline_cagrad.c,368,400,0,92.0,6366.215993300729,73211.48392295837
1774069502.463463,job_done,cagrad:coord:method.baseline_cagrad.c,369,400,0,92.25,6245.040963180666,74336.13275527954
1774069574.6085892,job_done,cagrad:coord:method.baseline_cagrad.c,370,400,0,92.5,6033.103609703683,74408.27785301208
1774069581.9333367,job_done,cagrad:coord:method.baseline_cagrad.c,371,400,0,92.75,5816.853032722628,74415.60259103775
1774069582.0155158,job_done,cagrad:coord:method.baseline_cagrad.c,372,400,0,93.0,5601.180574058205,74415.68476963043
1774069582.3011768,job_done,cagrad:coord:method.baseline_cagrad.c,373,400,0,93.25,5386.678823458925,74415.97041296959
1774069582.3657732,job_done,cagrad:coord:method.baseline_cagrad.c,374,400,0,93.5,5173.307248763222,74416.03503990173
1774070562.0644305,job_done,cagrad:coord:method.baseline_cagrad.c,375,400,0,93.75,5026.382242075602,75395.73363113403
1774070756.095702,job_done,cagrad:coord:method.baseline_cagrad.c,376,400,0,94.0,4824.878617301901,75589.76500439644
1774070783.8710175,job_done,cagrad:coord:method.baseline_cagrad.c,377,400,0,94.25,4613.2716873033605,75617.54026579857
1774070784.4293108,job_done,cagrad:coord:method.baseline_cagrad.c,378,400,0,94.5,4401.053360261614,75618.09864449501
1774070784.52142,job_done,cagrad:coord:method.baseline_cagrad.c,379,400,0,94.75,4189.926130605562,75618.19064283371
1774070784.5807507,job_done,cagrad:coord:method.baseline_cagrad.c,380,400,0,95.0,3979.9078867937387,75618.24984908104
1774071671.3367658,job_done,cagrad:coord:method.baseline_cagrad.c,381,400,0,95.25,3815.2102744898457,76505.00603055954
1774071910.0058455,job_done,cagrad:coord:method.baseline_cagrad.c,382,400,0,95.5,3616.1941152929635,76743.67511343956
1774071977.7119257,job_done,cagrad:coord:method.baseline_cagrad.c,383,400,0,95.75,3409.3824572183444,76811.38124203682
1774071978.3917365,job_done,cagrad:coord:method.baseline_cagrad.c,384,400,0,96.0,3200.5025432308516,76812.06103754044
1774071979.4191742,job_done,cagrad:coord:method.baseline_cagrad.c,385,400,0,96.25,2992.7177322808798,76813.08846187592
1774071979.6268284,job_done,cagrad:coord:method.baseline_cagrad.c,386,400,0,96.5,2785.9744695035906,76813.29608774185
1774072808.4201455,job_done,cagrad:coord:method.baseline_cagrad.c,387,400,0,96.75,2608.132202501445,77642.08941292763
1774073046.8383794,job_done,cagrad:coord:method.baseline_cagrad.c,388,400,0,97.0,2408.675493582008,77880.50762581825
1774073169.9408545,job_done,cagrad:coord:method.baseline_cagrad.c,389,400,0,97.25,2205.7576140720007,78003.61017036438
1774073171.7245166,job_done,cagrad:coord:method.baseline_cagrad.c,390,400,0,97.5,2000.1383011707892,78005.39374566078
1774073172.4844964,job_done,cagrad:coord:method.baseline_cagrad.c,391,400,0,97.75,1795.5380636383506,78006.15365362167
1774073172.618212,job_done,cagrad:coord:method.baseline_cagrad.c,392,400,0,98.0,1591.9650493203378,78006.28741669655
1774073987.7907465,job_done,cagrad:coord:method.baseline_cagrad.c,393,400,0,98.25,1403.944580429383,78821.46001553535
1774074089.7216482,job_done,cagrad:coord:method.baseline_cagrad.c,394,400,0,98.5,1201.879048318427,78923.39083957672
1774074377.2603073,job_done,cagrad:coord:method.baseline_cagrad.c,395,400,0,98.75,1002.6699952958505,79210.92962837219
1774074381.808497,job_done,cagrad:coord:method.baseline_cagrad.c,396,400,0,99.0,800.1563388506572,79215.47754621506
1774074382.8861427,job_done,cagrad:coord:method.baseline_cagrad.c,397,400,0,99.25,598.6137688982697,79216.55541753769
1774074383.1319323,job_done,cagrad:coord:method.baseline_cagrad.c,398,400,0,99.5,398.07437829635853,79216.80128097534
1774074652.758562,job_done,cagrad:coord:method.baseline_cagrad.c,399,400,0,99.75,199.21410481911855,79486.4278228283
1774074669.6430533,job_done,cagrad:coord:method.baseline_cagrad.c,400,400,0,100.0,,79503.31234550476
1774074669.6436367,group_end,cagrad:coord:method.baseline_cagrad.c,400,400,0,100.0,,79503.31299591064
1774074669.643824,phase_end,,400,400,0,100.0,,79503.31327843666
1774074670.5082767,lock_released,,400,400,0,100.0,,79504.17747163773
1774074670.511234,lock_wait,,400,400,0,100.0,,79504.18055558205
1774074670.511661,lock_acquired,,400,400,0,100.0,,79504.18100953102
1774074670.5120192,plan_add,,400,438,0,91.32420091324201,7552.897230106592,79504.18136954308
1774074670.5123868,phase_start,cagrad:coord:method.baseline_cagrad.inner_lr,400,438,0,91.32420091324201,7552.897263967991,79504.18172597885
1774074747.7534287,group_slots,cagrad:coord:method.baseline_cagrad.inner_lr,400,438,0,91.32420091324201,7560.235154092312,79581.42267465591
1774074747.7536879,group_start,cagrad:coord:method.baseline_cagrad.inner_lr,400,438,0,91.32420091324201,7560.235194159746,79581.42309641838
1774075993.8829634,job_done,cagrad:coord:method.baseline_cagrad.inner_lr,401,438,0,91.55251141552512,7457.903810798378,80827.55211162567
1774075994.9087486,job_done,cagrad:coord:method.baseline_cagrad.inner_lr,402,438,0,91.78082191780823,7238.380113196016,80828.57793068886
1774075996.4252114,job_done,cagrad:coord:method.baseline_cagrad.inner_lr,403,438,0,92.00913242009132,7019.983382414352,80830.09437465668
1774075996.7033446,job_done,cagrad:coord:method.baseline_cagrad.inner_lr,404,438,0,92.23744292237443,6802.5561019418265,80830.3725054264
1774075996.798576,job_done,cagrad:coord:method.baseline_cagrad.inner_lr,405,438,0,92.46575342465754,6586.1862784456325,80830.46796274185
1774075996.9106898,job_done,cagrad:coord:method.baseline_cagrad.inner_lr,406,438,0,92.69406392694064,6370.883156273752,80830.58004522324
1774077186.8059034,job_done,cagrad:coord:method.baseline_cagrad.inner_lr,407,438,0,92.92237442922375,6247.259773133134,82020.47508597374
1774077199.0246546,job_done,cagrad:coord:method.baseline_cagrad.inner_lr,408,438,0,93.15068493150685,6031.815722093862,82032.69382047653
1774077204.6443434,job_done,cagrad:coord:method.baseline_cagrad.inner_lr,409,438,0,93.37899543378995,5816.8975395159505,82038.31357455254
1774077204.7802684,job_done,cagrad:coord:method.baseline_cagrad.inner_lr,410,438,0,93.60730593607306,5602.6258323971815,82038.44968867302
1774077204.7822394,job_done,cagrad:coord:method.baseline_cagrad.inner_lr,411,438,0,93.83561643835617,5389.387328854442,82038.45156145096
1774077204.8454385,job_done,cagrad:coord:method.baseline_cagrad.inner_lr,412,438,0,94.06392694063926,5177.187822584968,82038.51472711563
1774078326.4405627,job_done,cagrad:coord:method.baseline_cagrad.inner_lr,413,438,0,94.29223744292237,5033.90411979927,83160.09605908394
1774078384.8631787,job_done,cagrad:coord:method.baseline_cagrad.inner_lr,414,438,0,94.52054794520548,4824.262746880019,83218.53238368034
1774078404.7414505,job_done,cagrad:coord:method.baseline_cagrad.inner_lr,415,438,0,94.74885844748859,4613.213126281945,83238.4107568264
1774078405.6757889,job_done,cagrad:coord:method.baseline_cagrad.inner_lr,416,438,0,94.9771689497717,4402.080742571216,83239.34495043755
1774078405.777479,job_done,cagrad:coord:method.baseline_cagrad.inner_lr,417,438,0,95.20547945205479,4191.914583219898,83239.44672393799
1774078405.8965418,job_done,cagrad:coord:method.baseline_cagrad.inner_lr,418,438,0,95.4337899543379,3982.754343822242,83239.56578588486
1774079427.2420878,job_done,cagrad:coord:method.baseline_cagrad.inner_lr,419,438,0,95.662100456621,3820.900515900022,84260.91137695312
1774079550.909776,job_done,cagrad:coord:method.baseline_cagrad.inner_lr,420,438,0,95.89041095890411,3616.4819457803455,84384.57873487473
1774079598.7019718,job_done,cagrad:coord:method.baseline_cagrad.inner_lr,421,438,0,96.11872146118722,3409.3831623897418,84432.37125682831
1774079600.580528,job_done,cagrad:coord:method.baseline_cagrad.inner_lr,422,438,0,96.34703196347031,3201.2985734803983,84434.2498755455
1774079601.0472097,job_done,cagrad:coord:method.baseline_cagrad.inner_lr,423,438,0,96.57534246575342,2994.138886632649,84434.7166030407
1774079601.2517252,job_done,cagrad:coord:method.baseline_cagrad.inner_lr,424,438,0,96.80365296803653,2787.945508582412,84434.92111706734
1774080564.247778,job_done,cagrad:coord:method.baseline_cagrad.inner_lr,425,438,0,97.03196347031964,2612.1715801743903,85397.91704416275
1774080688.0962992,job_done,cagrad:coord:method.baseline_cagrad.inner_lr,426,438,0,97.26027397260275,2409.063821094137,85521.76564884186
1774080792.3322718,job_done,cagrad:coord:method.baseline_cagrad.inner_lr,427,438,0,97.48858447488584,2205.8220537099683,85626.00153946877
1774080795.609947,job_done,cagrad:coord:method.baseline_cagrad.inner_lr,428,438,0,97.71689497716895,2000.684092858127,85629.27917432785
1774080796.0810952,job_done,cagrad:coord:method.baseline_cagrad.inner_lr,429,438,0,97.94520547945206,1796.4283318419555,85629.75048446655
1774080796.1732383,job_done,cagrad:coord:method.baseline_cagrad.inner_lr,430,438,0,98.17351598173516,1593.1133497593016,85629.84254956245
1774081702.0642273,job_done,cagrad:coord:method.baseline_cagrad.inner_lr,431,438,0,98.40182648401826,1405.4527485735732,86535.73351931572
1774081826.4265544,job_done,cagrad:coord:method.baseline_cagrad.inner_lr,432,438,0,98.63013698630137,1203.6124426159593,86660.09586834908
1774081983.3213124,job_done,cagrad:coord:method.baseline_cagrad.inner_lr,433,438,0,98.85844748858447,1002.5056653733066,86816.99062132835
1774081990.2603402,job_done,cagrad:coord:method.baseline_cagrad.inner_lr,434,438,0,99.08675799086758,800.2205483309135,86823.92949390411
1774081990.5732944,job_done,cagrad:coord:method.baseline_cagrad.inner_lr,435,438,0,99.31506849315069,598.7878798714999,86824.24258136749
1774081990.6321373,job_done,cagrad:coord:method.baseline_cagrad.inner_lr,436,438,0,99.54337899543378,398.27661200619616,86824.30141735077
1774082293.7109609,job_done,cagrad:coord:method.baseline_cagrad.inner_lr,437,438,0,99.77168949771689,199.37615614679365,87127.38023614883
1774082315.7680566,job_done,cagrad:coord:method.baseline_cagrad.inner_lr,438,438,0,100.0,,87149.43733739853
1774082315.768869,group_end,cagrad:coord:method.baseline_cagrad.inner_lr,438,438,0,100.0,,87149.43830108643
1774082315.7691622,phase_end,,438,438,0,100.0,,87149.43850374222
1774082316.6437423,lock_released,,438,438,0,100.0,,87150.31303238869
1774082316.64742,lock_wait,,438,438,0,100.0,,87150.3167257309
1774082316.6478257,lock_acquired,,438,438,0,100.0,,87150.31717634201
1774082316.6481724,plan_add,,438,490,0,89.38775510204081,10346.613039430418,87150.31752443314
1774082316.6485422,phase_start,cagrad:local_var_topk,438,490,0,89.38775510204081,10346.613081124275,87150.3178756237
1774082393.9667385,group_slots,cagrad:local_var_topk,438,490,0,89.38775510204081,10355.792395363116,87227.63594555855
1774082393.9671154,group_start,cagrad:local_var_topk,438,490,0,89.38775510204081,10355.792456502784,87227.63646054268
1774083633.2670255,job_done,cagrad:local_var_topk,439,490,0,89.59183673469387,10277.480058838946,88466.93619275093
1774083640.7507563,job_done,cagrad:local_var_topk,440,490,0,89.79591836734694,10053.911370553753,88474.42006087303
1774083641.9463117,job_done,cagrad:local_var_topk,441,490,0,90.0,9830.623942189746,88475.61547970772
1774083642.5524836,job_done,cagrad:local_var_topk,442,490,0,90.20408163265306,9608.27747705727,88476.22176790237
1774083642.6055036,job_done,cagrad:local_var_topk,443,490,0,90.40816326530613,9386.873411603221,88476.27492213249
1774083642.6626027,job_done,cagrad:local_var_topk,444,490,0,90.61224489795919,9166.46681102117,88476.33182811737
1774084755.437921,job_done,cagrad:local_var_topk,445,490,0,90.81632653061224,9059.57262522183,89589.10707163811
1774084844.0434682,job_done,cagrad:local_var_topk,446,490,0,91.0204081632653,8847.128600201799,89677.71262931824
1774084848.110833,job_done,cagrad:local_var_topk,447,490,0,91.22448979591837,8627.106355895932,89681.78002524376
1774084848.226066,job_done,cagrad:local_var_topk,448,490,0,91.42857142857143,8407.677695989609,89681.89542388916
1774084848.6287775,job_done,cagrad:local_var_topk,449,490,0,91.63265306122449,8189.252159960286,89682.29804444313
1774084848.7381706,job_done,cagrad:local_var_topk,450,490,0,91.83673469387755,7971.769553014967,89682.40747141838
1774085789.159609,job_done,cagrad:local_var_topk,451,490,0,92.04081632653062,7836.562705016718,90622.81487083435
1774086041.1489596,job_done,cagrad:local_var_topk,452,490,0,92.24489795918367,7639.918341911999,90874.81817221642
1774086056.8847435,job_done,cagrad:local_var_topk,453,490,0,92.44897959183673,7423.73178690843,90890.55403971672
1774086057.0142486,job_done,cagrad:local_var_topk,454,490,0,92.65306122448979,7207.190765200207,90890.68353891373
1774086057.133211,job_done,cagrad:local_var_topk,455,490,0,92.85714285714286,6991.600195169449,90890.80253720284
1774086057.1932077,job_done,cagrad:local_var_topk,456,490,0,93.06122448979592,6776.950270581664,90890.86245250702
1774086880.8863602,job_done,cagrad:local_var_topk,457,490,0,93.26530612244898,6622.714068124279,91714.55542826653
1774087195.872185,job_done,cagrad:local_var_topk,458,490,0,93.46938775510205,6430.011634493499,92029.5415186882
1774087254.7856169,job_done,cagrad:local_var_topk,459,490,0,93.6734693877551,6219.48076483367,92088.44100189209
1774087255.1369655,job_done,cagrad:local_var_topk,460,490,0,93.87755102040816,6005.79171326886,92088.80627012253
1774087255.538711,job_done,cagrad:local_var_topk,461,490,0,94.08163265306122,5793.030439134275,92089.20801520348
1774087255.7619512,job_done,cagrad:local_var_topk,462,490,0,94.28571428571429,5581.177657763163,92089.4313530922
1774088049.987878,job_done,cagrad:local_var_topk,463,490,0,94.48979591836735,5416.54156124772,92883.65714287758
1774088242.4809353,job_done,cagrad:local_var_topk,464,490,0,94.6938775510204,5215.473936580379,93076.15025281906
1774088465.236813,job_done,cagrad:local_var_topk,465,490,0,94.89795918367346,5016.070220611428,93298.90610337257
1774088466.3077013,job_done,cagrad:local_var_topk,466,490,0,95.10204081632654,4805.149029981425,93299.976998806
1774088467.4502165,job_done,cagrad:local_var_topk,467,490,0,95.3061224489796,4595.130083905043,93301.11952972412
1774088467.6618183,job_done,cagrad:local_var_topk,468,490,0,95.51020408163265,4385.960012212778,93301.33116889
1774089227.179126,job_done,cagrad:local_var_topk,469,490,0,95.71428571428571,4211.679159292535,94060.83455753326
1774089352.7857451,job_done,cagrad:local_var_topk,470,490,0,95.91836734693878,4007.934257649361,94186.45505475998
1774089659.7555757,job_done,cagrad:local_var_topk,471,490,0,96.12244897959184,3811.836672442734,94493.42488002777
1774089662.2258432,job_done,cagrad:local_var_topk,472,490,0,96.3265306122449,3603.6570170390405,94495.89511346817
1774089662.6937776,job_done,cagrad:local_var_topk,473,490,0,96.53061224489795,3396.2752002661628,94496.36292505264
1774089662.7524884,job_done,cagrad:local_var_topk,474,490,0,96.73469387755102,3189.752634877394,94496.4218082428
1774090362.9207475,job_done,cagrad:local_var_topk,475,490,0,96.93877551020408,3006.2081040106323,95196.58996033669
1774090489.1854293,job_done,cagrad:local_var_topk,476,490,0,97.14285714285714,2803.6133743594673,95322.8547282219
1774090851.8811648,job_done,cagrad:local_var_topk,477,490,0,97.34693877551021,2607.782296959459,95685.55043458939
1774090857.1926308,job_done,cagrad:local_var_topk,478,490,0,97.55102040816327,2402.2810521963747,95690.86191248894
1774090857.609624,job_done,cagrad:local_var_topk,479,490,0,97.75510204081633,2197.5032746990937,95691.2789618969
1774090857.822228,job_done,cagrad:local_var_topk,480,490,0,97.95918367346938,1993.5727413644393,95691.49158549309
1774091474.9106183,job_done,cagrad:local_var_topk,481,490,0,98.16326530612245,1802.0316391134957,96308.57982373238
1774091662.0527906,job_done,cagrad:local_var_topk,482,490,0,98.36734693877551,1601.5887479702963,96495.72206521034
1774092035.8915322,job_done,cagrad:local_var_topk,483,490,0,98.57142857142857,1403.906678631686,96869.56082558632
1774092054.6247602,job_done,cagrad:local_var_topk,484,490,0,98.77551020408163,1201.0945515041508,96888.29382133484
1774092055.0476396,job_done,cagrad:local_var_topk,485,490,0,98.9795918367347,998.8527523144005,96888.71697449684
1774092055.2484176,job_done,cagrad:local_var_topk,486,490,0,99.18367346938776,797.4396518287346,96888.91769719124
1774092420.489149,job_done,cagrad:local_var_topk,487,490,0,99.38775510204081,599.101591954241,97254.15842723846
1774092547.5250292,job_done,cagrad:local_var_topk,488,490,0,99.59183673469387,399.103255313928,97381.19429659843
1774092677.2442083,job_done,cagrad:local_var_topk,489,490,0,99.79591836734694,199.40882102697174,97510.91348218918
1774092684.6495693,job_done,cagrad:local_var_topk,490,490,0,100.0,,97518.31893634796
1774092684.6639385,group_end,cagrad:local_var_topk,490,490,0,100.0,,97518.31986117363
1774092684.6641512,phase_end,,490,490,0,100.0,,97518.33358097076
1774092685.5042922,lock_released,,490,490,0,100.0,,97519.17360043526
1774092685.5204468,method_done,,490,490,0,100.0,,97519.18978619576
1774092685.520835,method_start,,490,490,0,100.0,,97519.19017362595
1774092685.5213,lock_wait,,490,490,0,100.0,,97519.19062948227
1774092685.5217085,lock_acquired,,490,490,0,100.0,,97519.19104981422
1774092685.522073,lock_released,,490,490,0,100.0,,97519.19141793251
1774092685.5238876,lock_wait,,490,490,0,100.0,,97519.1932144165
1774092685.5242748,lock_acquired,,490,490,0,100.0,,97519.193618536
1774092685.524659,plan_add,,490,538,0,91.07806691449814,9552.900636151373,97519.19399404526
1774092685.52503,phase_start,ours:coord:train.lr,490,538,0,91.07806691449814,9552.900672865888,97519.19436883926
1774092761.9224114,group_slots,ours:coord:train.lr,490,538,0,91.07806691449814,9560.384492998708,97595.5916993618
1774092761.922658,group_start,ours:coord:train.lr,490,538,0,91.07806691449814,9560.384530554013,97595.59208273888
1774093940.6549208,job_done,ours:coord:train.lr,491,538,0,91.2639405204461,9454.97601135151,98774.3238632679
1774093948.6381035,job_done,ours:coord:train.lr,492,538,0,91.44981412639405,9235.74417975666,98782.30731391907
1774093950.8473773,job_done,ours:coord:train.lr,493,538,0,91.635687732342,9016.842288975782,98784.51663255692
1774093950.964778,job_done,ours:coord:train.lr,494,538,0,91.82156133828997,8798.631348316485,98784.63377428055
1774093950.9661503,job_done,ours:coord:train.lr,495,538,0,92.00743494423791,8581.291511603076,98784.63484287262
1774093951.1827023,job_done,ours:coord:train.lr,496,538,0,92.19330855018588,8364.846337962535,98784.8519911766
1774095090.2316206,job_done,ours:coord:train.lr,497,538,0,92.37918215613382,8243.219186603423,99923.90087175369
1774095125.9770167,job_done,ours:coord:train.lr,498,538,0,92.56505576208178,8028.887256024831,99959.64633750916
1774095134.1110811,job_done,ours:coord:train.lr,499,538,0,92.75092936802974,7813.113088807505,99967.7802901268
1774095134.4409373,job_done,ours:coord:train.lr,500,538,0,92.93680297397769,7597.576378329277,99968.1102411747
1774095134.7474134,job_done,ours:coord:train.lr,501,538,0,93.12267657992565,7382.897048592805,99968.41679310799
1774095134.7493896,job_done,ours:coord:train.lr,502,538,0,93.3085501858736,7169.0499052526475,99968.41812324524
1774096237.909487,job_done,ours:coord:train.lr,503,538,0,93.49442379182156,7032.813629630072,101071.57873439789
1774096290.7452924,job_done,ours:coord:train.lr,504,538,0,93.68029739776952,6821.885112894906,101124.41461467743
1774096314.6455388,job_done,ours:coord:train.lr,505,538,0,93.86617100371747,6609.6918496193275,101148.31466841698
1774096316.360998,job_done,ours:coord:train.lr,506,538,0,94.05204460966543,6396.839861541869,101150.0303106308
1774096316.775595,job_done,ours:coord:train.lr,507,538,0,94.23791821561338,6184.741211074815,101150.44496822357
1774096316.9068227,job_done,ours:coord:train.lr,508,538,0,94.42379182156134,5973.459226029126,101150.57622742653
1774097397.2848463,job_done,ours:coord:train.lr,509,538,0,94.6096654275093,5824.55337903167,102230.95413541794
1774097450.6935947,job_done,ours:coord:train.lr,510,538,0,94.79553903345725,5615.612079882154,102284.36288356781
1774097494.4361205,job_done,ours:coord:train.lr,511,538,0,94.9814126394052,5406.76877985122,102328.10542607307
1774097497.8047445,job_done,ours:coord:train.lr,512,538,0,95.16728624535315,5196.520168274641,102331.47408294678
1774097498.7654455,job_done,ours:coord:train.lr,513,538,0,95.35315985130111,4986.960727255247,102332.43412327766
1774097498.7701,job_done,ours:coord:train.lr,514,538,0,95.53903345724908,4778.168187835337,102332.43535614014
1774098558.781615,job_done,ours:coord:train.lr,515,538,0,95.72490706319702,4617.526929653501,103392.45081615448
1774098612.1668437,job_done,ours:coord:train.lr,516,538,0,95.91078066914498,4410.481381774873,103445.8360452652
1774098671.8884807,job_done,ours:coord:train.lr,517,538,0,96.09665427509293,4204.2870806647,103505.54384303093
1774098677.6259198,job_done,ours:coord:train.lr,518,538,0,96.28252788104089,3996.5751019315826,103511.295140028
1774098679.1127546,job_done,ours:coord:train.lr,519,538,0,96.46840148698885,3789.4852774175374,103512.78205156326
1774098679.324404,job_done,ours:coord:train.lr,520,538,0,96.6542750929368,3583.142087156956,103512.99362897873
1774099721.478619,job_done,ours:coord:train.lr,521,538,0,96.84014869888476,3411.588318434878,104555.1478767395
1774099775.1317487,job_done,ours:coord:train.lr,522,538,0,97.02602230483271,3206.4000246040664,104608.80080270767
1774099845.2762165,job_done,ours:coord:train.lr,523,538,0,97.21189591078067,3002.26421068321,104678.94547915459
1774099855.7726924,job_done,ours:coord:train.lr,524,538,0,97.39776951672863,2797.0461560223853,104689.44183969498
1774099857.8771977,job_done,ours:coord:train.lr,525,538,0,97.58364312267658,2592.36210347221,104691.54648637772
1774099857.9682102,job_done,ours:coord:train.lr,526,538,0,97.76951672862454,2388.4023777758666,104691.63755917549
1774100888.6731267,job_done,ours:coord:train.lr,527,538,0,97.95539033457248,2206.7282092702458,105722.34238958359
1774100942.6835682,job_done,ours:coord:train.lr,528,538,0,98.14126394052045,2003.3400125259705,105776.35266137123
1774101015.481178,job_done,ours:coord:train.lr,529,538,0,98.3271375464684,1800.836208179903,105849.1504585743
1774101033.761046,job_done,ours:coord:train.lr,530,538,0,98.51301115241635,1597.998946873647,105867.4302303791
1774101037.7171757,job_done,ours:coord:train.lr,531,538,0,98.69888475836431,1395.6679951426224,105871.38648867607
1774101037.782523,job_done,ours:coord:train.lr,532,538,0,98.88475836431226,1194.0389295197967,105871.45175075531
1774102058.1133134,job_done,ours:coord:train.lr,533,538,0,99.07063197026022,1002.73717219342,106891.78255581856
1774102105.806165,job_done,ours:coord:train.lr,534,538,0,99.25650557620818,801.044759814659,106939.47543525696
1774102156.569313,job_done,ours:coord:train.lr,535,538,0,99.44237918215613,599.9452617752218,106990.23834991455
1774102170.7086112,job_done,ours:coord:train.lr,536,538,0,99.62825278810409,399.27001334926973,107004.3635776043
1774102172.9977398,job_done,ours:coord:train.lr,537,538,0,99.81412639405204,199.26753643504736,107006.66706562042
1774102173.1278322,job_done,ours:coord:train.lr,538,538,0,100.0,,107006.79723834991
1774102173.1284266,group_end,ours:coord:train.lr,538,538,0,100.0,,107006.79775118828
1774102173.128608,phase_end,,538,538,0,100.0,,107006.79806399345
1774102173.9513533,lock_released,,538,538,0,100.0,,107007.62073683739
1774102173.9530754,lock_wait,,538,538,0,100.0,,107007.62252998352
1774102173.9532871,lock_acquired,,538,538,0,100.0,,107007.62274932861
1774102173.953481,plan_add,,538,586,0,91.80887372013652,9547.148514779527,107007.6229364872
1774102173.9536626,phase_start,ours:coord:train.weight_decay,538,586,0,91.80887372013652,9547.148531711677,107007.62312626839
1774102250.4854567,group_slots,ours:coord:train.weight_decay,538,586,0,91.80887372013652,9553.976630299509,107084.15473127365
1774102250.485722,group_start,ours:coord:train.weight_decay,538,586,0,91.80887372013652,9553.97666705674,107084.15514326096
1774103434.549582,job_done,ours:coord:train.weight_decay,539,586,0,91.97952218430034,9440.827976188766,108268.21870565414
1774103435.675785,job_done,ours:coord:train.weight_decay,540,586,0,92.15017064846417,9222.944209474104,108269.34506773949
1774103436.616812,job_done,ours:coord:train.weight_decay,541,586,0,92.32081911262799,9005.846341976176,108270.2860224247
1774103437.7730424,job_done,ours:coord:train.weight_decay,542,586,0,92.4914675767918,8789.563577027338,108271.4422442913
1774103437.8394756,job_done,ours:coord:train.weight_decay,543,586,0,92.66211604095564,8573.986882054784,108271.50876641273
1774103437.924213,job_done,ours:coord:train.weight_decay,544,586,0,92.83276450511946,8359.203897917096,108271.59334445
1774104613.0091794,job_done,ours:coord:train.weight_decay,545,586,0,93.00341296928327,8233.603334791287,109446.67847466469
1774104616.8862915,job_done,ours:coord:train.weight_decay,546,586,0,93.1740614334471,8018.355720191648,109450.555580616
1774104619.7825844,job_done,ours:coord:train.weight_decay,547,586,0,93.34470989761093,7803.811014493161,109453.4519212246
1774104622.039906,job_done,ours:coord:train.weight_decay,548,586,0,93.51535836177474,7589.994432710382,109455.70918750763
1774104622.2817523,job_done,ours:coord:train.weight_decay,549,586,0,93.68600682593856,7376.81273609389,109455.95113825798
1774104622.3692849,job_done,ours:coord:train.weight_decay,550,586,0,93.8566552901024,7164.395260557695,109456.03870296478
1774105777.1451888,job_done,ours:coord:train.weight_decay,551,586,0,94.02730375426621,7026.095293334089,110610.81447505951
1774105790.4108562,job_done,ours:coord:train.weight_decay,552,586,0,94.19795221843003,6813.802031521348,110624.08004117012
1774105799.7396967,job_done,ours:coord:train.weight_decay,553,586,0,94.36860068259385,6601.993666907547,110633.40902423859
1774105804.171865,job_done,ours:coord:train.weight_decay,554,586,0,94.53924914675768,6390.633416709487,110637.84102678299
1774105804.3006217,job_done,ours:coord:train.weight_decay,555,586,0,94.7098976109215,6179.778494917809,110637.96982836723
1774105804.416154,job_done,ours:coord:train.weight_decay,556,586,0,94.88054607508532,5969.680869189097,110638.08544230461
1774106937.8241584,job_done,ours:coord:train.weight_decay,557,586,0,95.05119453924915,5819.341668714526,111771.49343013763
1774106951.9146166,job_done,ours:coord:train.weight_decay,558,586,0,95.22184300341297,5609.312445961874,111785.58374452591
1774106976.3387585,job_done,ours:coord:train.weight_decay,559,586,0,95.39249146757679,5400.483393090355,111810.00802731514
1774106985.0102656,job_done,ours:coord:train.weight_decay,560,586,0,95.56313993174061,5191.581549857344,111818.67953538895
1774106985.3641698,job_done,ours:coord:train.weight_decay,561,586,0,95.73378839590444,4983.022883082882,111819.03349637985
1774106985.4255223,job_done,ours:coord:train.weight_decay,562,586,0,95.90443686006826,4775.192663226688,111819.0948638916
1774108102.1939297,job_done,ours:coord:train.weight_decay,563,586,0,96.07508532423208,4613.720872366196,112935.86309313774
1774108116.6195672,job_done,ours:coord:train.weight_decay,564,586,0,96.24573378839591,4405.86178967716,112950.27497172356
1774108147.784941,job_done,ours:coord:train.weight_decay,565,586,0,96.41638225255973,4199.31069035066,112981.45428800583
1774108163.4705105,job_done,ours:coord:train.weight_decay,566,586,0,96.58703071672355,3992.831789537369,112997.13964390755
1774108164.6090915,job_done,ours:coord:train.weight_decay,567,586,0,96.75767918088737,3786.5384291883497,112998.27838683128
1774108164.7217338,job_done,ours:coord:train.weight_decay,568,586,0,96.9283276450512,3580.9349301675675,112998.39112973213
1774109270.4359107,job_done,ours:coord:train.weight_decay,569,586,0,97.09897610921502,3409.08574360829,114104.10518312454
1774109285.0935483,job_done,ours:coord:train.weight_decay,570,586,0,97.26962457337883,3203.3332996100708,114118.74879860878
1774109316.627143,job_done,ours:coord:train.weight_decay,571,586,0,97.44027303754267,2998.694302812349,114150.29646039009
1774109341.5692303,job_done,ours:coord:train.weight_decay,572,586,0,97.61092150170649,2794.4988448928284,114175.238519907
1774109343.894538,job_done,ours:coord:train.weight_decay,573,586,0,97.7815699658703,2590.415931918026,114177.56376838684
1774109343.9526596,job_done,ours:coord:train.weight_decay,574,586,0,97.95221843003414,2386.9886119141397,114177.62193655968
1774110439.3384893,job_done,ours:coord:train.weight_decay,575,586,0,98.12286689419795,2205.222756806664,115273.00774216652
1774110454.3758137,job_done,ours:coord:train.weight_decay,576,586,0,98.29351535836177,2001.5285566697519,115288.0448641777
1774110486.0907254,job_done,ours:coord:train.weight_decay,577,586,0,98.46416382252559,1798.7484227987054,115319.75999498367
1774110519.501742,job_done,ours:coord:train.weight_decay,578,586,0,98.63481228668942,1596.5834889824414,115353.1570789814
1774110523.0429356,job_done,ours:coord:train.weight_decay,579,586,0,98.80546075085324,1394.6407349879673,115356.71222257614
1774110523.1689985,job_done,ours:coord:train.weight_decay,580,586,0,98.97610921501706,1193.3466027703778,115356.83826780319
1774111608.898418,job_done,ours:coord:train.weight_decay,581,586,0,99.1467576791809,1002.0875014187752,116442.56766486168
1774111624.0399628,job_done,ours:coord:train.weight_decay,582,586,0,99.31740614334471,800.3966273474939,116457.70927906036
1774111647.3504112,job_done,ours:coord:train.weight_decay,583,586,0,99.48805460750853,599.3877512398551,116481.01965761185
1774111669.0737689,job_done,ours:coord:train.weight_decay,584,586,0,99.65870307167235,398.9819967395639,116502.74304795265
1774111671.1766024,job_done,ours:coord:train.weight_decay,585,586,0,99.82935153583618,199.1535826642289,116504.84585857391
1774111671.3007624,job_done,ours:coord:train.weight_decay,586,586,0,100.0,,116504.97005152702
1774111671.3015609,group_end,ours:coord:train.weight_decay,586,586,0,100.0,,116504.97082901001
1774111671.3019013,phase_end,,586,586,0,100.0,,116504.97125530243
1774111672.0980308,lock_released,,586,586,0,100.0,,116505.76733875275
1774111672.10127,lock_wait,,586,586,0,100.0,,116505.77060461044
1774111672.1017003,lock_acquired,,586,586,0,100.0,,116505.77104568481
1774111672.1020947,plan_add,,586,634,0,92.42902208201893,9543.134858837713,116505.77140164375
1774111672.1024952,phase_start,ours:coord:train.grad_clip,586,634,0,92.42902208201893,9543.134891568596,116505.77180123329
1774111748.428986,group_slots,ours:coord:train.grad_clip,586,634,0,92.42902208201893,9549.386890997252,116582.09829425812
1774111748.4292262,group_start,ours:coord:train.grad_clip,586,634,0,92.42902208201893,9549.386921404166,116582.09866547585
1774112930.1751623,job_done,ours:coord:train.grad_clip,587,634,0,92.58675078864353,9429.132339714739,117763.84432792664
1774112935.7496278,job_done,ours:coord:train.grad_clip,588,634,0,92.74447949526814,9213.253858181895,117769.41888284683
1774112935.84196,job_done,ours:coord:train.grad_clip,589,634,0,92.90220820189275,8997.670642530169,117769.51129889488
1774112936.6848023,job_done,ours:coord:train.grad_clip,590,634,0,93.05993690851734,8782.873863999319,117770.3540854454
1774112937.1352296,job_done,ours:coord:train.grad_clip,591,634,0,93.21766561514195,8568.772554458095,117770.80417871475
1774112937.1361542,job_done,ours:coord:train.grad_clip,592,634,0,93.37539432176656,8355.3611822233,117770.80523514748
1774114089.650386,job_done,ours:coord:train.grad_clip,593,634,0,93.53312302839117,8222.354303048794,118923.31955385208
1774114119.0126119,job_done,ours:coord:train.grad_clip,594,634,0,93.69085173501577,8010.281608770993,118952.68189024925
1774114119.4070818,job_done,ours:coord:train.grad_clip,595,634,0,93.84858044164038,7796.924336543204,118953.07641649246
1774114119.9980366,job_done,ours:coord:train.grad_clip,596,634,0,94.00630914826499,7584.294229540248,118953.66738963127
1774114120.7950711,job_done,ours:coord:train.grad_clip,597,634,0,94.16403785488959,7372.387239795634,118954.46438264847
1774114120.7968683,job_done,ours:coord:train.grad_clip,598,634,0,94.3217665615142,7161.138403597484,118954.46570420265
1774115218.3931205,job_done,ours:coord:train.grad_clip,599,634,0,94.4794952681388,7014.728186482779,120052.06239151955
1774115300.1816127,job_done,ours:coord:train.grad_clip,600,634,0,94.6372239747634,6807.584883870284,120133.85089182854
1774115301.434262,job_done,ours:coord:train.grad_clip,601,634,0,94.79495268138801,6596.436635984161,120135.10358262062
1774115302.212276,job_done,ours:coord:train.grad_clip,602,634,0,94.95268138801262,6385.960470712857,120135.88135528564
1774115303.927033,job_done,ours:coord:train.grad_clip,603,634,0,95.11041009463722,6176.22800433181,120137.59634232521
1774115303.9857209,job_done,ours:coord:train.grad_clip,604,634,0,95.26813880126183,5967.1020723060265,120137.65505576134
1774116352.8433578,job_done,ours:coord:train.grad_clip,605,634,0,95.42586750788644,5808.940273340083,121186.5125989914
1774116479.2039204,job_done,ours:coord:train.grad_clip,606,634,0,95.58359621451105,5605.21526392537,121312.87321209908
1774116482.3955345,job_done,ours:coord:train.grad_clip,607,634,0,95.74132492113564,5396.2664707736085,121316.06473183632
1774116483.9873853,job_done,ours:coord:train.grad_clip,608,634,0,95.89905362776025,5187.926106399611,121317.65664196014
1774116486.2285135,job_done,ours:coord:train.grad_clip,609,634,0,96.05678233438486,4980.290793335105,121319.88372564316
1774116486.2718997,job_done,ours:coord:train.grad_clip,610,634,0,96.21451104100946,4773.24358664966,121319.94116067886
1774117498.10641,job_done,ours:coord:train.grad_clip,611,634,0,96.37223974763407,4604.960459691999,122331.77569007874
1774117652.706795,job_done,ours:coord:train.grad_clip,612,634,0,96.52996845425868,4403.1050221421365,122486.37607049942
1774117662.3631468,job_done,ours:coord:train.grad_clip,613,634,0,96.68769716088327,4196.4383075704,122496.03250193596
1774117664.5891254,job_done,ours:coord:train.grad_clip,614,634,0,96.84542586750788,3990.1712832155754,122498.25839471817
1774117667.34915,job_done,ours:coord:train.grad_clip,615,634,0,97.0031545741325,3784.584308909982,122501.018419981
1774117667.5818338,job_done,ours:coord:train.grad_clip,616,634,0,97.1608832807571,3579.582014482517,122501.25116229057
1774118660.4787636,job_done,ours:coord:train.grad_clip,617,634,0,97.3186119873817,3402.594030750049,123494.14805722237
1774118815.856193,job_done,ours:coord:train.grad_clip,618,634,0,97.47634069400631,3201.282213254268,123649.5254869461
1774118840.660455,job_done,ours:coord:train.grad_clip,619,634,0,97.63406940063092,2996.9546792368515,123674.32976317406
1774118844.661667,job_done,ours:coord:train.grad_clip,620,634,0,97.79179810725552,2792.7365025935633,123678.33082914352
1774118847.9276063,job_done,ours:coord:train.grad_clip,621,634,0,97.94952681388013,2589.1477595792303,123681.59682297707
1774118848.156736,job_done,ours:coord:train.grad_clip,622,634,0,98.10725552050474,2386.144552782801,123681.82598590851
1774119824.894245,job_done,ours:coord:train.grad_clip,623,634,0,98.26498422712933,2201.034027502204,124658.56355762482
1774119980.19386,job_done,ours:coord:train.grad_clip,624,634,0,98.42271293375394,2000.2221643045928,124813.86305260658
1774120015.8846576,job_done,ours:coord:train.grad_clip,625,634,0,98.58044164037855,1797.8333778396607,124849.54012775421
1774120023.1962311,job_done,ours:coord:train.grad_clip,626,634,0,98.73817034700315,1595.6148951076473,124856.86554217339
1774120027.5349972,job_done,ours:coord:train.grad_clip,627,634,0,98.89589905362776,1393.9845803422793,124861.19026780128
1774120027.581718,job_done,ours:coord:train.grad_clip,628,634,0,99.05362776025237,1192.9418893680452,124861.25108718872
1774120993.0190895,job_done,ours:coord:train.grad_clip,629,634,0,99.21135646687698,1000.2121497659881,125826.6884405613
1774121125.213289,job_done,ours:coord:train.grad_clip,630,634,0,99.36908517350157,799.738936845083,125958.88255310059
1774121153.5876336,job_done,ours:coord:train.grad_clip,631,634,0,99.52681388012618,598.9885429670995,125987.25687074661
1774121161.2060032,job_done,ours:coord:train.grad_clip,632,634,0,99.6845425867508,398.7179595669613,125994.87522315979
1774121163.7469816,job_done,ours:coord:train.grad_clip,633,634,0,99.84227129337539,199.04805104465092,125997.41631126404
1774121163.823248,job_done,ours:coord:train.grad_clip,634,634,0,100.0,,125997.49256801605
1774121163.8243842,group_end,ours:coord:train.grad_clip,634,634,0,100.0,,125997.49368834496
1774121163.8262892,phase_end,,634,634,0,100.0,,125997.49407100677
1774121164.7324219,lock_released,,634,634,0,100.0,,125998.40170407295
1774121164.7356129,lock_wait,,634,634,0,100.0,,125998.40494799614
1774121164.7360501,lock_acquired,,634,634,0,100.0,,125998.40538740158
1774121164.7364457,plan_add,,634,682,0,92.96187683284458,9539.311476957158,125998.40575814247
1774121164.7368233,phase_start,ours:coord:method.ours.lambda_align,634,682,0,92.96187683284458,9539.311507029488,125998.40615534782
1774121241.1199439,group_slots,ours:coord:method.ours.lambda_align,634,682,0,92.96187683284458,9545.094455749078,126074.78926968575
1774121241.1201544,group_start,ours:coord:method.ours.lambda_align,634,682,0,92.96187683284458,9545.094480965792,126074.7896027565
1774122424.9074333,job_done,ours:coord:method.ours.lambda_align,635,682,0,93.10850439882698,9419.13874227794,127258.57662439346
1774122424.9908805,job_done,ours:coord:method.ours.lambda_align,636,682,0,93.25513196480938,9204.242714893144,127258.66014504433
1774122427.7016263,job_done,ours:coord:method.ours.lambda_align,637,682,0,93.4017595307918,8990.206737763467,127261.37093234062
1774122428.8893096,job_done,ours:coord:method.ours.lambda_align,638,682,0,93.54838709677419,8776.728177498126,127262.55857372284
1774122428.9947684,job_done,ours:coord:method.ours.lambda_align,639,682,0,93.69501466275659,8563.841250268506,127262.66416096687
1774122429.0471914,job_done,ours:coord:method.ours.lambda_align,640,682,0,93.841642228739,8351.6157749936,127262.71657133102
1774123602.369291,job_done,ours:coord:method.ours.lambda_align,641,682,0,93.9882697947214,8215.097631951017,128436.03858733177
1774123602.7831764,job_done,ours:coord:method.ours.lambda_align,642,682,0,94.13489736070382,8002.271183316953,128436.45249223709
1774123609.1118186,job_done,ours:coord:method.ours.lambda_align,643,682,0,94.28152492668622,7790.464172084446,128442.78109359741
1774123611.6612394,job_done,ours:coord:method.ours.lambda_align,644,682,0,94.42815249266862,7579.0722974635055,128445.33051490784
1774123611.8694422,job_done,ours:coord:method.ours.lambda_align,645,682,0,94.57478005865103,7368.193699015019,128445.5388071537
1774123611.9214377,job_done,ours:coord:method.ours.lambda_align,646,682,0,94.72140762463343,7157.958614643144,128445.59069609642
1774124769.1142092,job_done,ours:coord:method.ours.lambda_align,647,682,0,94.86803519061584,7010.968997185529,129602.76974797249
1774124770.9304154,job_done,ours:coord:method.ours.lambda_align,648,682,0,95.01466275659824,6800.241344646908,129604.59974503517
1774124786.7922382,job_done,ours:coord:method.ours.lambda_align,649,682,0,95.16129032258064,6590.870919421567,129620.46141529083
1774124791.8163147,job_done,ours:coord:method.ours.lambda_align,650,682,0,95.30791788856305,6381.562355780968,129625.48535180092
1774124792.4984217,job_done,ours:coord:method.ours.lambda_align,651,682,0,95.45454545454545,6172.674650112787,129626.16765236855
1774124792.5616105,job_done,ours:coord:method.ours.lambda_align,652,682,0,95.60117302052785,5964.3971317348305,129626.23099637032
1774125933.1627297,job_done,ours:coord:method.ours.lambda_align,653,682,0,95.74780058651027,5807.40907965831,130766.8320350647
1774125934.9914172,job_done,ours:coord:method.ours.lambda_align,654,682,0,95.89442815249267,5598.658253036872,130768.66062450409
1774125961.5209844,job_done,ours:coord:method.ours.lambda_align,655,682,0,96.04105571847508,5391.557458855724,130795.19020557404
1774125969.815037,job_done,ours:coord:method.ours.lambda_align,656,682,0,96.18768328445748,5184.284435606584,130803.48422145844
1774125971.5784879,job_done,ours:coord:method.ours.lambda_align,657,682,0,96.33431085043988,4977.368635175072,130805.2477324009
1774125971.6748137,job_done,ours:coord:method.ours.lambda_align,658,682,0,96.48093841642229,4771.015590064794,130805.34409427643
