method,candidate_id,seed,best_val_acc,final_val_acc,score_05_05,reused,summary_json,curve_csv
ours,coord_01_anchor,2,0.5892992992123092,0.5892992992123092,0.5892992992123092,False,/home/zhujjing/MOE-grad-conflict-routing/runs/paper_suite/single_gpu/multi_task/glue4_deberta_lora_e4_k2/hpo/ours/trial_runs/coord_01_anchor/ours_s2.json,/home/zhujjing/MOE-grad-conflict-routing/runs/paper_suite/single_gpu/multi_task/glue4_deberta_lora_e4_k2/hpo/ours/trial_runs/coord_01_anchor/ours_s2_curve.csv
ours,coord_01_anchor,3,0.5892992992123092,0.5892992992123092,0.5892992992123092,False,/home/zhujjing/MOE-grad-conflict-routing/runs/paper_suite/single_gpu/multi_task/glue4_deberta_lora_e4_k2/hpo/ours/trial_runs/coord_01_anchor/ours_s3.json,/home/zhujjing/MOE-grad-conflict-routing/runs/paper_suite/single_gpu/multi_task/glue4_deberta_lora_e4_k2/hpo/ours/trial_runs/coord_01_anchor/ours_s3_curve.csv
ours,coord_01_train_lr_000,2,0.8285637957402263,0.8285637957402263,0.8285637957402263,False,/home/zhujjing/MOE-grad-conflict-routing/runs/paper_suite/single_gpu/multi_task/glue4_deberta_lora_e4_k2/hpo/ours/trial_runs/coord_01_train_lr_000/ours_s2.json,/home/zhujjing/MOE-grad-conflict-routing/runs/paper_suite/single_gpu/multi_task/glue4_deberta_lora_e4_k2/hpo/ours/trial_runs/coord_01_train_lr_000/ours_s2_curve.csv
ours,coord_01_train_lr_000,3,0.827293881372333,0.827293881372333,0.827293881372333,False,/home/zhujjing/MOE-grad-conflict-routing/runs/paper_suite/single_gpu/multi_task/glue4_deberta_lora_e4_k2/hpo/ours/trial_runs/coord_01_train_lr_000/ours_s3.json,/home/zhujjing/MOE-grad-conflict-routing/runs/paper_suite/single_gpu/multi_task/glue4_deberta_lora_e4_k2/hpo/ours/trial_runs/coord_01_train_lr_000/ours_s3_curve.csv
ours,coord_01_train_lr_001,2,0.7898309149016922,0.7898309149016922,0.7898309149016922,False,/home/zhujjing/MOE-grad-conflict-routing/runs/paper_suite/single_gpu/multi_task/glue4_deberta_lora_e4_k2/hpo/ours/trial_runs/coord_01_train_lr_001/ours_s2.json,/home/zhujjing/MOE-grad-conflict-routing/runs/paper_suite/single_gpu/multi_task/glue4_deberta_lora_e4_k2/hpo/ours/trial_runs/coord_01_train_lr_001/ours_s2_curve.csv
ours,coord_01_train_lr_001,3,0.7559227901846045,0.7559227901846045,0.7559227901846045,False,/home/zhujjing/MOE-grad-conflict-routing/runs/paper_suite/single_gpu/multi_task/glue4_deberta_lora_e4_k2/hpo/ours/trial_runs/coord_01_train_lr_001/ours_s3.json,/home/zhujjing/MOE-grad-conflict-routing/runs/paper_suite/single_gpu/multi_task/glue4_deberta_lora_e4_k2/hpo/ours/trial_runs/coord_01_train_lr_001/ours_s3_curve.csv
ours,coord_01_train_lr_002,2,0.5892992992123092,0.5892992992123092,0.5892992992123092,False,/home/zhujjing/MOE-grad-conflict-routing/runs/paper_suite/single_gpu/multi_task/glue4_deberta_lora_e4_k2/hpo/ours/trial_runs/coord_01_train_lr_002/ours_s2.json,/home/zhujjing/MOE-grad-conflict-routing/runs/paper_suite/single_gpu/multi_task/glue4_deberta_lora_e4_k2/hpo/ours/trial_runs/coord_01_train_lr_002/ours_s2_curve.csv
ours,coord_01_train_lr_002,3,0.5892992992123092,0.5892992992123092,0.5892992992123092,False,/home/zhujjing/MOE-grad-conflict-routing/runs/paper_suite/single_gpu/multi_task/glue4_deberta_lora_e4_k2/hpo/ours/trial_runs/coord_01_train_lr_002/ours_s3.json,/home/zhujjing/MOE-grad-conflict-routing/runs/paper_suite/single_gpu/multi_task/glue4_deberta_lora_e4_k2/hpo/ours/trial_runs/coord_01_train_lr_002/ours_s3_curve.csv
ours,coord_01_train_lr_003,2,0.8563124166417349,0.8563124166417349,0.8563124166417349,False,/home/zhujjing/MOE-grad-conflict-routing/runs/paper_suite/single_gpu/multi_task/glue4_deberta_lora_e4_k2/hpo/ours/trial_runs/coord_01_train_lr_003/ours_s2.json,/home/zhujjing/MOE-grad-conflict-routing/runs/paper_suite/single_gpu/multi_task/glue4_deberta_lora_e4_k2/hpo/ours/trial_runs/coord_01_train_lr_003/ours_s2_curve.csv
ours,coord_01_train_lr_003,3,0.8592944980425153,0.8592944980425153,0.8592944980425153,False,/home/zhujjing/MOE-grad-conflict-routing/runs/paper_suite/single_gpu/multi_task/glue4_deberta_lora_e4_k2/hpo/ours/trial_runs/coord_01_train_lr_003/ours_s3.json,/home/zhujjing/MOE-grad-conflict-routing/runs/paper_suite/single_gpu/multi_task/glue4_deberta_lora_e4_k2/hpo/ours/trial_runs/coord_01_train_lr_003/ours_s3_curve.csv
ours,coord_01_train_lr_004,2,0.7534942724046834,0.7534942724046834,0.7534942724046834,False,/home/zhujjing/MOE-grad-conflict-routing/runs/paper_suite/single_gpu/multi_task/glue4_deberta_lora_e4_k2/hpo/ours/trial_runs/coord_01_train_lr_004/ours_s2.json,/home/zhujjing/MOE-grad-conflict-routing/runs/paper_suite/single_gpu/multi_task/glue4_deberta_lora_e4_k2/hpo/ours/trial_runs/coord_01_train_lr_004/ours_s2_curve.csv
ours,coord_01_train_lr_004,3,0.5892992992123092,0.5892992992123092,0.5892992992123092,False,/home/zhujjing/MOE-grad-conflict-routing/runs/paper_suite/single_gpu/multi_task/glue4_deberta_lora_e4_k2/hpo/ours/trial_runs/coord_01_train_lr_004/ours_s3.json,/home/zhujjing/MOE-grad-conflict-routing/runs/paper_suite/single_gpu/multi_task/glue4_deberta_lora_e4_k2/hpo/ours/trial_runs/coord_01_train_lr_004/ours_s3_curve.csv
ours,coord_01_train_lr_005,2,0.8405617518630257,0.8405617518630257,0.8405617518630257,False,/home/zhujjing/MOE-grad-conflict-routing/runs/paper_suite/single_gpu/multi_task/glue4_deberta_lora_e4_k2/hpo/ours/trial_runs/coord_01_train_lr_005/ours_s2.json,/home/zhujjing/MOE-grad-conflict-routing/runs/paper_suite/single_gpu/multi_task/glue4_deberta_lora_e4_k2/hpo/ours/trial_runs/coord_01_train_lr_005/ours_s2_curve.csv
ours,coord_01_train_lr_005,3,0.8478684398727432,0.8478684398727432,0.8478684398727432,False,/home/zhujjing/MOE-grad-conflict-routing/runs/paper_suite/single_gpu/multi_task/glue4_deberta_lora_e4_k2/hpo/ours/trial_runs/coord_01_train_lr_005/ours_s3.json,/home/zhujjing/MOE-grad-conflict-routing/runs/paper_suite/single_gpu/multi_task/glue4_deberta_lora_e4_k2/hpo/ours/trial_runs/coord_01_train_lr_005/ours_s3_curve.csv
ours,coord_01_train_lr_006,2,0.8556720382688476,0.8556720382688476,0.8556720382688476,False,/home/zhujjing/MOE-grad-conflict-routing/runs/paper_suite/single_gpu/multi_task/glue4_deberta_lora_e4_k2/hpo/ours/trial_runs/coord_01_train_lr_006/ours_s2.json,/home/zhujjing/MOE-grad-conflict-routing/runs/paper_suite/single_gpu/multi_task/glue4_deberta_lora_e4_k2/hpo/ours/trial_runs/coord_01_train_lr_006/ours_s2_curve.csv
ours,coord_01_train_lr_006,3,0.8506200320704023,0.8506200320704023,0.8506200320704023,False,/home/zhujjing/MOE-grad-conflict-routing/runs/paper_suite/single_gpu/multi_task/glue4_deberta_lora_e4_k2/hpo/ours/trial_runs/coord_01_train_lr_006/ours_s3.json,/home/zhujjing/MOE-grad-conflict-routing/runs/paper_suite/single_gpu/multi_task/glue4_deberta_lora_e4_k2/hpo/ours/trial_runs/coord_01_train_lr_006/ours_s3_curve.csv
ours,coord_01_train_lr_007,2,0.7830010404962473,0.7830010404962473,0.7830010404962473,False,/home/zhujjing/MOE-grad-conflict-routing/runs/paper_suite/single_gpu/multi_task/glue4_deberta_lora_e4_k2/hpo/ours/trial_runs/coord_01_train_lr_007/ours_s2.json,/home/zhujjing/MOE-grad-conflict-routing/runs/paper_suite/single_gpu/multi_task/glue4_deberta_lora_e4_k2/hpo/ours/trial_runs/coord_01_train_lr_007/ours_s2_curve.csv
ours,coord_01_train_lr_007,3,0.7725604217769835,0.7725604217769835,0.7725604217769835,False,/home/zhujjing/MOE-grad-conflict-routing/runs/paper_suite/single_gpu/multi_task/glue4_deberta_lora_e4_k2/hpo/ours/trial_runs/coord_01_train_lr_007/ours_s3.json,/home/zhujjing/MOE-grad-conflict-routing/runs/paper_suite/single_gpu/multi_task/glue4_deberta_lora_e4_k2/hpo/ours/trial_runs/coord_01_train_lr_007/ours_s3_curve.csv
ours,coord_01_train_lr_008,2,0.8337464261580169,0.8337464261580169,0.8337464261580169,False,/home/zhujjing/MOE-grad-conflict-routing/runs/paper_suite/single_gpu/multi_task/glue4_deberta_lora_e4_k2/hpo/ours/trial_runs/coord_01_train_lr_008/ours_s2.json,/home/zhujjing/MOE-grad-conflict-routing/runs/paper_suite/single_gpu/multi_task/glue4_deberta_lora_e4_k2/hpo/ours/trial_runs/coord_01_train_lr_008/ours_s2_curve.csv
ours,coord_01_train_lr_008,3,0.8357238320720235,0.8357238320720235,0.8357238320720235,False,/home/zhujjing/MOE-grad-conflict-routing/runs/paper_suite/single_gpu/multi_task/glue4_deberta_lora_e4_k2/hpo/ours/trial_runs/coord_01_train_lr_008/ours_s3.json,/home/zhujjing/MOE-grad-conflict-routing/runs/paper_suite/single_gpu/multi_task/glue4_deberta_lora_e4_k2/hpo/ours/trial_runs/coord_01_train_lr_008/ours_s3_curve.csv
ours,coord_01_train_lr_009,2,0.6885379491112393,0.6885379491112393,0.6885379491112393,False,/home/zhujjing/MOE-grad-conflict-routing/runs/paper_suite/single_gpu/multi_task/glue4_deberta_lora_e4_k2/hpo/ours/trial_runs/coord_01_train_lr_009/ours_s2.json,/home/zhujjing/MOE-grad-conflict-routing/runs/paper_suite/single_gpu/multi_task/glue4_deberta_lora_e4_k2/hpo/ours/trial_runs/coord_01_train_lr_009/ours_s2_curve.csv
ours,coord_01_train_lr_009,3,0.5892992992123092,0.5892992992123092,0.5892992992123092,False,/home/zhujjing/MOE-grad-conflict-routing/runs/paper_suite/single_gpu/multi_task/glue4_deberta_lora_e4_k2/hpo/ours/trial_runs/coord_01_train_lr_009/ours_s3.json,/home/zhujjing/MOE-grad-conflict-routing/runs/paper_suite/single_gpu/multi_task/glue4_deberta_lora_e4_k2/hpo/ours/trial_runs/coord_01_train_lr_009/ours_s3_curve.csv
ours,coord_01_train_lr_010,2,0.8348252144755672,0.8348252144755672,0.8348252144755672,False,/home/zhujjing/MOE-grad-conflict-routing/runs/paper_suite/single_gpu/multi_task/glue4_deberta_lora_e4_k2/hpo/ours/trial_runs/coord_01_train_lr_010/ours_s2.json,/home/zhujjing/MOE-grad-conflict-routing/runs/paper_suite/single_gpu/multi_task/glue4_deberta_lora_e4_k2/hpo/ours/trial_runs/coord_01_train_lr_010/ours_s2_curve.csv
ours,coord_01_train_lr_010,3,0.8435161999889582,0.8435161999889582,0.8435161999889582,False,/home/zhujjing/MOE-grad-conflict-routing/runs/paper_suite/single_gpu/multi_task/glue4_deberta_lora_e4_k2/hpo/ours/trial_runs/coord_01_train_lr_010/ours_s3.json,/home/zhujjing/MOE-grad-conflict-routing/runs/paper_suite/single_gpu/multi_task/glue4_deberta_lora_e4_k2/hpo/ours/trial_runs/coord_01_train_lr_010/ours_s3_curve.csv
ours,coord_02_anchor,2,0.8748586180433335,0.8748586180433335,0.8748586180433335,False,/home/zhujjing/MOE-grad-conflict-routing/runs/paper_suite/single_gpu/multi_task/glue4_deberta_lora_e4_k2/hpo/ours/trial_runs/coord_02_anchor/ours_s2.json,/home/zhujjing/MOE-grad-conflict-routing/runs/paper_suite/single_gpu/multi_task/glue4_deberta_lora_e4_k2/hpo/ours/trial_runs/coord_02_anchor/ours_s2_curve.csv
ours,coord_02_anchor,3,0.8562987355751387,0.8562987355751387,0.8562987355751387,False,/home/zhujjing/MOE-grad-conflict-routing/runs/paper_suite/single_gpu/multi_task/glue4_deberta_lora_e4_k2/hpo/ours/trial_runs/coord_02_anchor/ours_s3.json,/home/zhujjing/MOE-grad-conflict-routing/runs/paper_suite/single_gpu/multi_task/glue4_deberta_lora_e4_k2/hpo/ours/trial_runs/coord_02_anchor/ours_s3_curve.csv
ours,coord_02_train_weight_decay_000,2,0.8582124705988426,0.8582124705988426,0.8582124705988426,False,/home/zhujjing/MOE-grad-conflict-routing/runs/paper_suite/single_gpu/multi_task/glue4_deberta_lora_e4_k2/hpo/ours/trial_runs/coord_02_train_weight_decay_000/ours_s2.json,/home/zhujjing/MOE-grad-conflict-routing/runs/paper_suite/single_gpu/multi_task/glue4_deberta_lora_e4_k2/hpo/ours/trial_runs/coord_02_train_weight_decay_000/ours_s2_curve.csv
ours,coord_02_train_weight_decay_000,3,0.8545029230635621,0.8545029230635621,0.8545029230635621,False,/home/zhujjing/MOE-grad-conflict-routing/runs/paper_suite/single_gpu/multi_task/glue4_deberta_lora_e4_k2/hpo/ours/trial_runs/coord_02_train_weight_decay_000/ours_s3.json,/home/zhujjing/MOE-grad-conflict-routing/runs/paper_suite/single_gpu/multi_task/glue4_deberta_lora_e4_k2/hpo/ours/trial_runs/coord_02_train_weight_decay_000/ours_s3_curve.csv
ours,coord_02_train_weight_decay_001,2,0.8543230400425409,0.8543230400425409,0.8543230400425409,False,/home/zhujjing/MOE-grad-conflict-routing/runs/paper_suite/single_gpu/multi_task/glue4_deberta_lora_e4_k2/hpo/ours/trial_runs/coord_02_train_weight_decay_001/ours_s2.json,/home/zhujjing/MOE-grad-conflict-routing/runs/paper_suite/single_gpu/multi_task/glue4_deberta_lora_e4_k2/hpo/ours/trial_runs/coord_02_train_weight_decay_001/ours_s2_curve.csv
ours,coord_02_train_weight_decay_001,3,0.8519102172686419,0.8519102172686419,0.8519102172686419,False,/home/zhujjing/MOE-grad-conflict-routing/runs/paper_suite/single_gpu/multi_task/glue4_deberta_lora_e4_k2/hpo/ours/trial_runs/coord_02_train_weight_decay_001/ours_s3.json,/home/zhujjing/MOE-grad-conflict-routing/runs/paper_suite/single_gpu/multi_task/glue4_deberta_lora_e4_k2/hpo/ours/trial_runs/coord_02_train_weight_decay_001/ours_s3_curve.csv
ours,coord_02_train_weight_decay_002,2,0.8552326115283837,0.8552326115283837,0.8552326115283837,False,/home/zhujjing/MOE-grad-conflict-routing/runs/paper_suite/single_gpu/multi_task/glue4_deberta_lora_e4_k2/hpo/ours/trial_runs/coord_02_train_weight_decay_002/ours_s2.json,/home/zhujjing/MOE-grad-conflict-routing/runs/paper_suite/single_gpu/multi_task/glue4_deberta_lora_e4_k2/hpo/ours/trial_runs/coord_02_train_weight_decay_002/ours_s2_curve.csv
ours,coord_02_train_weight_decay_002,3,0.8584673215343281,0.8584673215343281,0.8584673215343281,False,/home/zhujjing/MOE-grad-conflict-routing/runs/paper_suite/single_gpu/multi_task/glue4_deberta_lora_e4_k2/hpo/ours/trial_runs/coord_02_train_weight_decay_002/ours_s3.json,/home/zhujjing/MOE-grad-conflict-routing/runs/paper_suite/single_gpu/multi_task/glue4_deberta_lora_e4_k2/hpo/ours/trial_runs/coord_02_train_weight_decay_002/ours_s3_curve.csv
ours,coord_02_train_weight_decay_003,2,0.8611742686191247,0.8611742686191247,0.8611742686191247,False,/home/zhujjing/MOE-grad-conflict-routing/runs/paper_suite/single_gpu/multi_task/glue4_deberta_lora_e4_k2/hpo/ours/trial_runs/coord_02_train_weight_decay_003/ours_s2.json,/home/zhujjing/MOE-grad-conflict-routing/runs/paper_suite/single_gpu/multi_task/glue4_deberta_lora_e4_k2/hpo/ours/trial_runs/coord_02_train_weight_decay_003/ours_s2_curve.csv
ours,coord_02_train_weight_decay_003,3,0.8652605869324381,0.8652605869324381,0.8652605869324381,False,/home/zhujjing/MOE-grad-conflict-routing/runs/paper_suite/single_gpu/multi_task/glue4_deberta_lora_e4_k2/hpo/ours/trial_runs/coord_02_train_weight_decay_003/ours_s3.json,/home/zhujjing/MOE-grad-conflict-routing/runs/paper_suite/single_gpu/multi_task/glue4_deberta_lora_e4_k2/hpo/ours/trial_runs/coord_02_train_weight_decay_003/ours_s3_curve.csv
ours,coord_02_train_weight_decay_004,2,0.8556186113963123,0.8556186113963123,0.8556186113963123,False,/home/zhujjing/MOE-grad-conflict-routing/runs/paper_suite/single_gpu/multi_task/glue4_deberta_lora_e4_k2/hpo/ours/trial_runs/coord_02_train_weight_decay_004/ours_s2.json,/home/zhujjing/MOE-grad-conflict-routing/runs/paper_suite/single_gpu/multi_task/glue4_deberta_lora_e4_k2/hpo/ours/trial_runs/coord_02_train_weight_decay_004/ours_s2_curve.csv
ours,coord_02_train_weight_decay_004,3,0.8576744795762443,0.8576744795762443,0.8576744795762443,False,/home/zhujjing/MOE-grad-conflict-routing/runs/paper_suite/single_gpu/multi_task/glue4_deberta_lora_e4_k2/hpo/ours/trial_runs/coord_02_train_weight_decay_004/ours_s3.json,/home/zhujjing/MOE-grad-conflict-routing/runs/paper_suite/single_gpu/multi_task/glue4_deberta_lora_e4_k2/hpo/ours/trial_runs/coord_02_train_weight_decay_004/ours_s3_curve.csv
ours,coord_02_train_weight_decay_005,2,0.8637306168961895,0.8637306168961895,0.8637306168961895,False,/home/zhujjing/MOE-grad-conflict-routing/runs/paper_suite/single_gpu/multi_task/glue4_deberta_lora_e4_k2/hpo/ours/trial_runs/coord_02_train_weight_decay_005/ours_s2.json,/home/zhujjing/MOE-grad-conflict-routing/runs/paper_suite/single_gpu/multi_task/glue4_deberta_lora_e4_k2/hpo/ours/trial_runs/coord_02_train_weight_decay_005/ours_s2_curve.csv
ours,coord_02_train_weight_decay_005,3,0.860107781571385,0.860107781571385,0.860107781571385,False,/home/zhujjing/MOE-grad-conflict-routing/runs/paper_suite/single_gpu/multi_task/glue4_deberta_lora_e4_k2/hpo/ours/trial_runs/coord_02_train_weight_decay_005/ours_s3.json,/home/zhujjing/MOE-grad-conflict-routing/runs/paper_suite/single_gpu/multi_task/glue4_deberta_lora_e4_k2/hpo/ours/trial_runs/coord_02_train_weight_decay_005/ours_s3_curve.csv
ours,coord_02_train_weight_decay_006,2,0.8598122182347675,0.8598122182347675,0.8598122182347675,False,/home/zhujjing/MOE-grad-conflict-routing/runs/paper_suite/single_gpu/multi_task/glue4_deberta_lora_e4_k2/hpo/ours/trial_runs/coord_02_train_weight_decay_006/ours_s2.json,/home/zhujjing/MOE-grad-conflict-routing/runs/paper_suite/single_gpu/multi_task/glue4_deberta_lora_e4_k2/hpo/ours/trial_runs/coord_02_train_weight_decay_006/ours_s2_curve.csv
ours,coord_02_train_weight_decay_006,3,0.8711654607535791,0.8711654607535791,0.8711654607535791,False,/home/zhujjing/MOE-grad-conflict-routing/runs/paper_suite/single_gpu/multi_task/glue4_deberta_lora_e4_k2/hpo/ours/trial_runs/coord_02_train_weight_decay_006/ours_s3.json,/home/zhujjing/MOE-grad-conflict-routing/runs/paper_suite/single_gpu/multi_task/glue4_deberta_lora_e4_k2/hpo/ours/trial_runs/coord_02_train_weight_decay_006/ours_s3_curve.csv
ours,coord_02_train_weight_decay_007,2,0.8642742725320326,0.8642742725320326,0.8642742725320326,False,/home/zhujjing/MOE-grad-conflict-routing/runs/paper_suite/single_gpu/multi_task/glue4_deberta_lora_e4_k2/hpo/ours/trial_runs/coord_02_train_weight_decay_007/ours_s2.json,/home/zhujjing/MOE-grad-conflict-routing/runs/paper_suite/single_gpu/multi_task/glue4_deberta_lora_e4_k2/hpo/ours/trial_runs/coord_02_train_weight_decay_007/ours_s2_curve.csv
ours,coord_02_train_weight_decay_007,3,0.8562951585483355,0.8562951585483355,0.8562951585483355,False,/home/zhujjing/MOE-grad-conflict-routing/runs/paper_suite/single_gpu/multi_task/glue4_deberta_lora_e4_k2/hpo/ours/trial_runs/coord_02_train_weight_decay_007/ours_s3.json,/home/zhujjing/MOE-grad-conflict-routing/runs/paper_suite/single_gpu/multi_task/glue4_deberta_lora_e4_k2/hpo/ours/trial_runs/coord_02_train_weight_decay_007/ours_s3_curve.csv
ours,coord_02_train_weight_decay_008,2,0.8522628815980217,0.8522628815980217,0.8522628815980217,False,/home/zhujjing/MOE-grad-conflict-routing/runs/paper_suite/single_gpu/multi_task/glue4_deberta_lora_e4_k2/hpo/ours/trial_runs/coord_02_train_weight_decay_008/ours_s2.json,/home/zhujjing/MOE-grad-conflict-routing/runs/paper_suite/single_gpu/multi_task/glue4_deberta_lora_e4_k2/hpo/ours/trial_runs/coord_02_train_weight_decay_008/ours_s2_curve.csv
ours,coord_02_train_weight_decay_008,3,0.8554096182102338,0.8554096182102338,0.8554096182102338,False,/home/zhujjing/MOE-grad-conflict-routing/runs/paper_suite/single_gpu/multi_task/glue4_deberta_lora_e4_k2/hpo/ours/trial_runs/coord_02_train_weight_decay_008/ours_s3.json,/home/zhujjing/MOE-grad-conflict-routing/runs/paper_suite/single_gpu/multi_task/glue4_deberta_lora_e4_k2/hpo/ours/trial_runs/coord_02_train_weight_decay_008/ours_s3_curve.csv
ours,coord_02_train_weight_decay_009,2,0.8495707240209182,0.8495707240209182,0.8495707240209182,False,/home/zhujjing/MOE-grad-conflict-routing/runs/paper_suite/single_gpu/multi_task/glue4_deberta_lora_e4_k2/hpo/ours/trial_runs/coord_02_train_weight_decay_009/ours_s2.json,/home/zhujjing/MOE-grad-conflict-routing/runs/paper_suite/single_gpu/multi_task/glue4_deberta_lora_e4_k2/hpo/ours/trial_runs/coord_02_train_weight_decay_009/ours_s2_curve.csv
ours,coord_02_train_weight_decay_009,3,0.8566335327687828,0.8566335327687828,0.8566335327687828,False,/home/zhujjing/MOE-grad-conflict-routing/runs/paper_suite/single_gpu/multi_task/glue4_deberta_lora_e4_k2/hpo/ours/trial_runs/coord_02_train_weight_decay_009/ours_s3.json,/home/zhujjing/MOE-grad-conflict-routing/runs/paper_suite/single_gpu/multi_task/glue4_deberta_lora_e4_k2/hpo/ours/trial_runs/coord_02_train_weight_decay_009/ours_s3_curve.csv
ours,coord_02_train_weight_decay_010,2,0.857416382198579,0.857416382198579,0.857416382198579,False,/home/zhujjing/MOE-grad-conflict-routing/runs/paper_suite/single_gpu/multi_task/glue4_deberta_lora_e4_k2/hpo/ours/trial_runs/coord_02_train_weight_decay_010/ours_s2.json,/home/zhujjing/MOE-grad-conflict-routing/runs/paper_suite/single_gpu/multi_task/glue4_deberta_lora_e4_k2/hpo/ours/trial_runs/coord_02_train_weight_decay_010/ours_s2_curve.csv
ours,coord_02_train_weight_decay_010,3,0.840993383091186,0.840993383091186,0.840993383091186,False,/home/zhujjing/MOE-grad-conflict-routing/runs/paper_suite/single_gpu/multi_task/glue4_deberta_lora_e4_k2/hpo/ours/trial_runs/coord_02_train_weight_decay_010/ours_s3.json,/home/zhujjing/MOE-grad-conflict-routing/runs/paper_suite/single_gpu/multi_task/glue4_deberta_lora_e4_k2/hpo/ours/trial_runs/coord_02_train_weight_decay_010/ours_s3_curve.csv
ours,coord_03_anchor,2,0.8535640133695903,0.8535640133695903,0.8535640133695903,False,/home/zhujjing/MOE-grad-conflict-routing/runs/paper_suite/single_gpu/multi_task/glue4_deberta_lora_e4_k2/hpo/ours/trial_runs/coord_03_anchor/ours_s2.json,/home/zhujjing/MOE-grad-conflict-routing/runs/paper_suite/single_gpu/multi_task/glue4_deberta_lora_e4_k2/hpo/ours/trial_runs/coord_03_anchor/ours_s2_curve.csv
ours,coord_03_anchor,3,0.8425253294164045,0.8425253294164045,0.8425253294164045,False,/home/zhujjing/MOE-grad-conflict-routing/runs/paper_suite/single_gpu/multi_task/glue4_deberta_lora_e4_k2/hpo/ours/trial_runs/coord_03_anchor/ours_s3.json,/home/zhujjing/MOE-grad-conflict-routing/runs/paper_suite/single_gpu/multi_task/glue4_deberta_lora_e4_k2/hpo/ours/trial_runs/coord_03_anchor/ours_s3_curve.csv
ours,coord_03_train_grad_clip_000,2,0.8508417342797562,0.8508417342797562,0.8508417342797562,False,/home/zhujjing/MOE-grad-conflict-routing/runs/paper_suite/single_gpu/multi_task/glue4_deberta_lora_e4_k2/hpo/ours/trial_runs/coord_03_train_grad_clip_000/ours_s2.json,/home/zhujjing/MOE-grad-conflict-routing/runs/paper_suite/single_gpu/multi_task/glue4_deberta_lora_e4_k2/hpo/ours/trial_runs/coord_03_train_grad_clip_000/ours_s2_curve.csv
ours,coord_03_train_grad_clip_000,3,0.8650781311302629,0.8650781311302629,0.8650781311302629,False,/home/zhujjing/MOE-grad-conflict-routing/runs/paper_suite/single_gpu/multi_task/glue4_deberta_lora_e4_k2/hpo/ours/trial_runs/coord_03_train_grad_clip_000/ours_s3.json,/home/zhujjing/MOE-grad-conflict-routing/runs/paper_suite/single_gpu/multi_task/glue4_deberta_lora_e4_k2/hpo/ours/trial_runs/coord_03_train_grad_clip_000/ours_s3_curve.csv
ours,coord_03_train_grad_clip_001,2,0.854310830418026,0.854310830418026,0.854310830418026,False,/home/zhujjing/MOE-grad-conflict-routing/runs/paper_suite/single_gpu/multi_task/glue4_deberta_lora_e4_k2/hpo/ours/trial_runs/coord_03_train_grad_clip_001/ours_s2.json,/home/zhujjing/MOE-grad-conflict-routing/runs/paper_suite/single_gpu/multi_task/glue4_deberta_lora_e4_k2/hpo/ours/trial_runs/coord_03_train_grad_clip_001/ours_s2_curve.csv
ours,coord_03_train_grad_clip_001,3,0.8592362258578965,0.8592362258578965,0.8592362258578965,False,/home/zhujjing/MOE-grad-conflict-routing/runs/paper_suite/single_gpu/multi_task/glue4_deberta_lora_e4_k2/hpo/ours/trial_runs/coord_03_train_grad_clip_001/ours_s3.json,/home/zhujjing/MOE-grad-conflict-routing/runs/paper_suite/single_gpu/multi_task/glue4_deberta_lora_e4_k2/hpo/ours/trial_runs/coord_03_train_grad_clip_001/ours_s3_curve.csv
ours,coord_03_train_grad_clip_002,2,0.8485803708454049,0.8485803708454049,0.8485803708454049,False,/home/zhujjing/MOE-grad-conflict-routing/runs/paper_suite/single_gpu/multi_task/glue4_deberta_lora_e4_k2/hpo/ours/trial_runs/coord_03_train_grad_clip_002/ours_s2.json,/home/zhujjing/MOE-grad-conflict-routing/runs/paper_suite/single_gpu/multi_task/glue4_deberta_lora_e4_k2/hpo/ours/trial_runs/coord_03_train_grad_clip_002/ours_s2_curve.csv
ours,coord_03_train_grad_clip_002,3,0.8498672539527288,0.8498672539527288,0.8498672539527288,False,/home/zhujjing/MOE-grad-conflict-routing/runs/paper_suite/single_gpu/multi_task/glue4_deberta_lora_e4_k2/hpo/ours/trial_runs/coord_03_train_grad_clip_002/ours_s3.json,/home/zhujjing/MOE-grad-conflict-routing/runs/paper_suite/single_gpu/multi_task/glue4_deberta_lora_e4_k2/hpo/ours/trial_runs/coord_03_train_grad_clip_002/ours_s3_curve.csv
ours,coord_03_train_grad_clip_003,2,0.8470220417463723,0.8470220417463723,0.8470220417463723,False,/home/zhujjing/MOE-grad-conflict-routing/runs/paper_suite/single_gpu/multi_task/glue4_deberta_lora_e4_k2/hpo/ours/trial_runs/coord_03_train_grad_clip_003/ours_s2.json,/home/zhujjing/MOE-grad-conflict-routing/runs/paper_suite/single_gpu/multi_task/glue4_deberta_lora_e4_k2/hpo/ours/trial_runs/coord_03_train_grad_clip_003/ours_s2_curve.csv
ours,coord_03_train_grad_clip_003,3,0.8567812983359276,0.8567812983359276,0.8567812983359276,False,/home/zhujjing/MOE-grad-conflict-routing/runs/paper_suite/single_gpu/multi_task/glue4_deberta_lora_e4_k2/hpo/ours/trial_runs/coord_03_train_grad_clip_003/ours_s3.json,/home/zhujjing/MOE-grad-conflict-routing/runs/paper_suite/single_gpu/multi_task/glue4_deberta_lora_e4_k2/hpo/ours/trial_runs/coord_03_train_grad_clip_003/ours_s3_curve.csv
ours,coord_03_train_grad_clip_004,2,0.8564780940970953,0.8564780940970953,0.8564780940970953,False,/home/zhujjing/MOE-grad-conflict-routing/runs/paper_suite/single_gpu/multi_task/glue4_deberta_lora_e4_k2/hpo/ours/trial_runs/coord_03_train_grad_clip_004/ours_s2.json,/home/zhujjing/MOE-grad-conflict-routing/runs/paper_suite/single_gpu/multi_task/glue4_deberta_lora_e4_k2/hpo/ours/trial_runs/coord_03_train_grad_clip_004/ours_s2_curve.csv
ours,coord_03_train_grad_clip_004,3,0.8488281001436457,0.8488281001436457,0.8488281001436457,False,/home/zhujjing/MOE-grad-conflict-routing/runs/paper_suite/single_gpu/multi_task/glue4_deberta_lora_e4_k2/hpo/ours/trial_runs/coord_03_train_grad_clip_004/ours_s3.json,/home/zhujjing/MOE-grad-conflict-routing/runs/paper_suite/single_gpu/multi_task/glue4_deberta_lora_e4_k2/hpo/ours/trial_runs/coord_03_train_grad_clip_004/ours_s3_curve.csv
ours,coord_03_train_grad_clip_005,2,0.8545058659477249,0.8545058659477249,0.8545058659477249,False,/home/zhujjing/MOE-grad-conflict-routing/runs/paper_suite/single_gpu/multi_task/glue4_deberta_lora_e4_k2/hpo/ours/trial_runs/coord_03_train_grad_clip_005/ours_s2.json,/home/zhujjing/MOE-grad-conflict-routing/runs/paper_suite/single_gpu/multi_task/glue4_deberta_lora_e4_k2/hpo/ours/trial_runs/coord_03_train_grad_clip_005/ours_s2_curve.csv
ours,coord_03_train_grad_clip_005,3,0.8586486508971268,0.8586486508971268,0.8586486508971268,False,/home/zhujjing/MOE-grad-conflict-routing/runs/paper_suite/single_gpu/multi_task/glue4_deberta_lora_e4_k2/hpo/ours/trial_runs/coord_03_train_grad_clip_005/ours_s3.json,/home/zhujjing/MOE-grad-conflict-routing/runs/paper_suite/single_gpu/multi_task/glue4_deberta_lora_e4_k2/hpo/ours/trial_runs/coord_03_train_grad_clip_005/ours_s3_curve.csv
ours,coord_03_train_grad_clip_006,2,0.8560365743220617,0.8560365743220617,0.8560365743220617,False,/home/zhujjing/MOE-grad-conflict-routing/runs/paper_suite/single_gpu/multi_task/glue4_deberta_lora_e4_k2/hpo/ours/trial_runs/coord_03_train_grad_clip_006/ours_s2.json,/home/zhujjing/MOE-grad-conflict-routing/runs/paper_suite/single_gpu/multi_task/glue4_deberta_lora_e4_k2/hpo/ours/trial_runs/coord_03_train_grad_clip_006/ours_s2_curve.csv
ours,coord_03_train_grad_clip_006,3,0.8737258603559034,0.8737258603559034,0.8737258603559034,False,/home/zhujjing/MOE-grad-conflict-routing/runs/paper_suite/single_gpu/multi_task/glue4_deberta_lora_e4_k2/hpo/ours/trial_runs/coord_03_train_grad_clip_006/ours_s3.json,/home/zhujjing/MOE-grad-conflict-routing/runs/paper_suite/single_gpu/multi_task/glue4_deberta_lora_e4_k2/hpo/ours/trial_runs/coord_03_train_grad_clip_006/ours_s3_curve.csv
ours,coord_03_train_grad_clip_007,2,0.855384453521092,0.855384453521092,0.855384453521092,False,/home/zhujjing/MOE-grad-conflict-routing/runs/paper_suite/single_gpu/multi_task/glue4_deberta_lora_e4_k2/hpo/ours/trial_runs/coord_03_train_grad_clip_007/ours_s2.json,/home/zhujjing/MOE-grad-conflict-routing/runs/paper_suite/single_gpu/multi_task/glue4_deberta_lora_e4_k2/hpo/ours/trial_runs/coord_03_train_grad_clip_007/ours_s2_curve.csv
ours,coord_03_train_grad_clip_007,3,0.8661652932399878,0.8661652932399878,0.8661652932399878,False,/home/zhujjing/MOE-grad-conflict-routing/runs/paper_suite/single_gpu/multi_task/glue4_deberta_lora_e4_k2/hpo/ours/trial_runs/coord_03_train_grad_clip_007/ours_s3.json,/home/zhujjing/MOE-grad-conflict-routing/runs/paper_suite/single_gpu/multi_task/glue4_deberta_lora_e4_k2/hpo/ours/trial_runs/coord_03_train_grad_clip_007/ours_s3_curve.csv
ours,coord_03_train_grad_clip_008,2,0.8635527047160102,0.8635527047160102,0.8635527047160102,False,/home/zhujjing/MOE-grad-conflict-routing/runs/paper_suite/single_gpu/multi_task/glue4_deberta_lora_e4_k2/hpo/ours/trial_runs/coord_03_train_grad_clip_008/ours_s2.json,/home/zhujjing/MOE-grad-conflict-routing/runs/paper_suite/single_gpu/multi_task/glue4_deberta_lora_e4_k2/hpo/ours/trial_runs/coord_03_train_grad_clip_008/ours_s2_curve.csv
ours,coord_03_train_grad_clip_008,3,0.8477269228608755,0.8477269228608755,0.8477269228608755,False,/home/zhujjing/MOE-grad-conflict-routing/runs/paper_suite/single_gpu/multi_task/glue4_deberta_lora_e4_k2/hpo/ours/trial_runs/coord_03_train_grad_clip_008/ours_s3.json,/home/zhujjing/MOE-grad-conflict-routing/runs/paper_suite/single_gpu/multi_task/glue4_deberta_lora_e4_k2/hpo/ours/trial_runs/coord_03_train_grad_clip_008/ours_s3_curve.csv
ours,coord_03_train_grad_clip_009,2,0.8570755322904011,0.8570755322904011,0.8570755322904011,False,/home/zhujjing/MOE-grad-conflict-routing/runs/paper_suite/single_gpu/multi_task/glue4_deberta_lora_e4_k2/hpo/ours/trial_runs/coord_03_train_grad_clip_009/ours_s2.json,/home/zhujjing/MOE-grad-conflict-routing/runs/paper_suite/single_gpu/multi_task/glue4_deberta_lora_e4_k2/hpo/ours/trial_runs/coord_03_train_grad_clip_009/ours_s2_curve.csv
ours,coord_03_train_grad_clip_009,3,0.8598389711115902,0.8598389711115902,0.8598389711115902,False,/home/zhujjing/MOE-grad-conflict-routing/runs/paper_suite/single_gpu/multi_task/glue4_deberta_lora_e4_k2/hpo/ours/trial_runs/coord_03_train_grad_clip_009/ours_s3.json,/home/zhujjing/MOE-grad-conflict-routing/runs/paper_suite/single_gpu/multi_task/glue4_deberta_lora_e4_k2/hpo/ours/trial_runs/coord_03_train_grad_clip_009/ours_s3_curve.csv
ours,coord_03_train_grad_clip_010,2,0.8624089088099554,0.8624089088099554,0.8624089088099554,False,/home/zhujjing/MOE-grad-conflict-routing/runs/paper_suite/single_gpu/multi_task/glue4_deberta_lora_e4_k2/hpo/ours/trial_runs/coord_03_train_grad_clip_010/ours_s2.json,/home/zhujjing/MOE-grad-conflict-routing/runs/paper_suite/single_gpu/multi_task/glue4_deberta_lora_e4_k2/hpo/ours/trial_runs/coord_03_train_grad_clip_010/ours_s2_curve.csv
ours,coord_03_train_grad_clip_010,3,0.8661749355314765,0.8661749355314765,0.8661749355314765,False,/home/zhujjing/MOE-grad-conflict-routing/runs/paper_suite/single_gpu/multi_task/glue4_deberta_lora_e4_k2/hpo/ours/trial_runs/coord_03_train_grad_clip_010/ours_s3.json,/home/zhujjing/MOE-grad-conflict-routing/runs/paper_suite/single_gpu/multi_task/glue4_deberta_lora_e4_k2/hpo/ours/trial_runs/coord_03_train_grad_clip_010/ours_s3_curve.csv
ours,coord_04_anchor,2,0.855062377900875,0.855062377900875,0.855062377900875,False,/home/zhujjing/MOE-grad-conflict-routing/runs/paper_suite/single_gpu/multi_task/glue4_deberta_lora_e4_k2/hpo/ours/trial_runs/coord_04_anchor/ours_s2.json,/home/zhujjing/MOE-grad-conflict-routing/runs/paper_suite/single_gpu/multi_task/glue4_deberta_lora_e4_k2/hpo/ours/trial_runs/coord_04_anchor/ours_s2_curve.csv
ours,coord_04_anchor,3,0.8475009483852144,0.8475009483852144,0.8475009483852144,False,/home/zhujjing/MOE-grad-conflict-routing/runs/paper_suite/single_gpu/multi_task/glue4_deberta_lora_e4_k2/hpo/ours/trial_runs/coord_04_anchor/ours_s3.json,/home/zhujjing/MOE-grad-conflict-routing/runs/paper_suite/single_gpu/multi_task/glue4_deberta_lora_e4_k2/hpo/ours/trial_runs/coord_04_anchor/ours_s3_curve.csv
ours,coord_04_method_ours_lambda_align_000,2,0.8558438600840375,0.8558438600840375,0.8558438600840375,False,/home/zhujjing/MOE-grad-conflict-routing/runs/paper_suite/single_gpu/multi_task/glue4_deberta_lora_e4_k2/hpo/ours/trial_runs/coord_04_method_ours_lambda_align_000/ours_s2.json,/home/zhujjing/MOE-grad-conflict-routing/runs/paper_suite/single_gpu/multi_task/glue4_deberta_lora_e4_k2/hpo/ours/trial_runs/coord_04_method_ours_lambda_align_000/ours_s2_curve.csv
ours,coord_04_method_ours_lambda_align_000,3,0.857667343520918,0.857667343520918,0.857667343520918,False,/home/zhujjing/MOE-grad-conflict-routing/runs/paper_suite/single_gpu/multi_task/glue4_deberta_lora_e4_k2/hpo/ours/trial_runs/coord_04_method_ours_lambda_align_000/ours_s3.json,/home/zhujjing/MOE-grad-conflict-routing/runs/paper_suite/single_gpu/multi_task/glue4_deberta_lora_e4_k2/hpo/ours/trial_runs/coord_04_method_ours_lambda_align_000/ours_s3_curve.csv
ours,coord_04_method_ours_lambda_align_001,2,0.8658964882283211,0.8658964882283211,0.8658964882283211,False,/home/zhujjing/MOE-grad-conflict-routing/runs/paper_suite/single_gpu/multi_task/glue4_deberta_lora_e4_k2/hpo/ours/trial_runs/coord_04_method_ours_lambda_align_001/ours_s2.json,/home/zhujjing/MOE-grad-conflict-routing/runs/paper_suite/single_gpu/multi_task/glue4_deberta_lora_e4_k2/hpo/ours/trial_runs/coord_04_method_ours_lambda_align_001/ours_s2_curve.csv
ours,coord_04_method_ours_lambda_align_001,3,0.862803153174307,0.862803153174307,0.862803153174307,False,/home/zhujjing/MOE-grad-conflict-routing/runs/paper_suite/single_gpu/multi_task/glue4_deberta_lora_e4_k2/hpo/ours/trial_runs/coord_04_method_ours_lambda_align_001/ours_s3.json,/home/zhujjing/MOE-grad-conflict-routing/runs/paper_suite/single_gpu/multi_task/glue4_deberta_lora_e4_k2/hpo/ours/trial_runs/coord_04_method_ours_lambda_align_001/ours_s3_curve.csv
ours,coord_04_method_ours_lambda_align_002,2,0.8602369596629862,0.8602369596629862,0.8602369596629862,False,/home/zhujjing/MOE-grad-conflict-routing/runs/paper_suite/single_gpu/multi_task/glue4_deberta_lora_e4_k2/hpo/ours/trial_runs/coord_04_method_ours_lambda_align_002/ours_s2.json,/home/zhujjing/MOE-grad-conflict-routing/runs/paper_suite/single_gpu/multi_task/glue4_deberta_lora_e4_k2/hpo/ours/trial_runs/coord_04_method_ours_lambda_align_002/ours_s2_curve.csv
ours,coord_04_method_ours_lambda_align_002,3,0.8311382086476661,0.8311382086476661,0.8311382086476661,False,/home/zhujjing/MOE-grad-conflict-routing/runs/paper_suite/single_gpu/multi_task/glue4_deberta_lora_e4_k2/hpo/ours/trial_runs/coord_04_method_ours_lambda_align_002/ours_s3.json,/home/zhujjing/MOE-grad-conflict-routing/runs/paper_suite/single_gpu/multi_task/glue4_deberta_lora_e4_k2/hpo/ours/trial_runs/coord_04_method_ours_lambda_align_002/ours_s3_curve.csv
ours,coord_04_method_ours_lambda_align_003,2,0.86166525558673,0.86166525558673,0.86166525558673,False,/home/zhujjing/MOE-grad-conflict-routing/runs/paper_suite/single_gpu/multi_task/glue4_deberta_lora_e4_k2/hpo/ours/trial_runs/coord_04_method_ours_lambda_align_003/ours_s2.json,/home/zhujjing/MOE-grad-conflict-routing/runs/paper_suite/single_gpu/multi_task/glue4_deberta_lora_e4_k2/hpo/ours/trial_runs/coord_04_method_ours_lambda_align_003/ours_s2_curve.csv
ours,coord_04_method_ours_lambda_align_003,3,0.860611015813961,0.860611015813961,0.860611015813961,False,/home/zhujjing/MOE-grad-conflict-routing/runs/paper_suite/single_gpu/multi_task/glue4_deberta_lora_e4_k2/hpo/ours/trial_runs/coord_04_method_ours_lambda_align_003/ours_s3.json,/home/zhujjing/MOE-grad-conflict-routing/runs/paper_suite/single_gpu/multi_task/glue4_deberta_lora_e4_k2/hpo/ours/trial_runs/coord_04_method_ours_lambda_align_003/ours_s3_curve.csv
ours,coord_04_method_ours_lambda_align_004,2,0.8601899430578411,0.8601899430578411,0.8601899430578411,False,/home/zhujjing/MOE-grad-conflict-routing/runs/paper_suite/single_gpu/multi_task/glue4_deberta_lora_e4_k2/hpo/ours/trial_runs/coord_04_method_ours_lambda_align_004/ours_s2.json,/home/zhujjing/MOE-grad-conflict-routing/runs/paper_suite/single_gpu/multi_task/glue4_deberta_lora_e4_k2/hpo/ours/trial_runs/coord_04_method_ours_lambda_align_004/ours_s2_curve.csv
ours,coord_04_method_ours_lambda_align_004,3,0.85933903895993,0.85933903895993,0.85933903895993,False,/home/zhujjing/MOE-grad-conflict-routing/runs/paper_suite/single_gpu/multi_task/glue4_deberta_lora_e4_k2/hpo/ours/trial_runs/coord_04_method_ours_lambda_align_004/ours_s3.json,/home/zhujjing/MOE-grad-conflict-routing/runs/paper_suite/single_gpu/multi_task/glue4_deberta_lora_e4_k2/hpo/ours/trial_runs/coord_04_method_ours_lambda_align_004/ours_s3_curve.csv
ours,coord_04_method_ours_lambda_align_005,2,0.8531445413513036,0.8531445413513036,0.8531445413513036,False,/home/zhujjing/MOE-grad-conflict-routing/runs/paper_suite/single_gpu/multi_task/glue4_deberta_lora_e4_k2/hpo/ours/trial_runs/coord_04_method_ours_lambda_align_005/ours_s2.json,/home/zhujjing/MOE-grad-conflict-routing/runs/paper_suite/single_gpu/multi_task/glue4_deberta_lora_e4_k2/hpo/ours/trial_runs/coord_04_method_ours_lambda_align_005/ours_s2_curve.csv
ours,coord_04_method_ours_lambda_align_005,3,0.8678271434447437,0.8678271434447437,0.8678271434447437,False,/home/zhujjing/MOE-grad-conflict-routing/runs/paper_suite/single_gpu/multi_task/glue4_deberta_lora_e4_k2/hpo/ours/trial_runs/coord_04_method_ours_lambda_align_005/ours_s3.json,/home/zhujjing/MOE-grad-conflict-routing/runs/paper_suite/single_gpu/multi_task/glue4_deberta_lora_e4_k2/hpo/ours/trial_runs/coord_04_method_ours_lambda_align_005/ours_s3_curve.csv
ours,coord_04_method_ours_lambda_align_006,2,0.8579958168583733,0.8579958168583733,0.8579958168583733,False,/home/zhujjing/MOE-grad-conflict-routing/runs/paper_suite/single_gpu/multi_task/glue4_deberta_lora_e4_k2/hpo/ours/trial_runs/coord_04_method_ours_lambda_align_006/ours_s2.json,/home/zhujjing/MOE-grad-conflict-routing/runs/paper_suite/single_gpu/multi_task/glue4_deberta_lora_e4_k2/hpo/ours/trial_runs/coord_04_method_ours_lambda_align_006/ours_s2_curve.csv
ours,coord_04_method_ours_lambda_align_006,3,0.8605383673232418,0.8605383673232418,0.8605383673232418,False,/home/zhujjing/MOE-grad-conflict-routing/runs/paper_suite/single_gpu/multi_task/glue4_deberta_lora_e4_k2/hpo/ours/trial_runs/coord_04_method_ours_lambda_align_006/ours_s3.json,/home/zhujjing/MOE-grad-conflict-routing/runs/paper_suite/single_gpu/multi_task/glue4_deberta_lora_e4_k2/hpo/ours/trial_runs/coord_04_method_ours_lambda_align_006/ours_s3_curve.csv
ours,coord_04_method_ours_lambda_align_007,2,0.8625861742973424,0.8625861742973424,0.8625861742973424,False,/home/zhujjing/MOE-grad-conflict-routing/runs/paper_suite/single_gpu/multi_task/glue4_deberta_lora_e4_k2/hpo/ours/trial_runs/coord_04_method_ours_lambda_align_007/ours_s2.json,/home/zhujjing/MOE-grad-conflict-routing/runs/paper_suite/single_gpu/multi_task/glue4_deberta_lora_e4_k2/hpo/ours/trial_runs/coord_04_method_ours_lambda_align_007/ours_s2_curve.csv
ours,coord_04_method_ours_lambda_align_007,3,0.8455436515894407,0.8455436515894407,0.8455436515894407,False,/home/zhujjing/MOE-grad-conflict-routing/runs/paper_suite/single_gpu/multi_task/glue4_deberta_lora_e4_k2/hpo/ours/trial_runs/coord_04_method_ours_lambda_align_007/ours_s3.json,/home/zhujjing/MOE-grad-conflict-routing/runs/paper_suite/single_gpu/multi_task/glue4_deberta_lora_e4_k2/hpo/ours/trial_runs/coord_04_method_ours_lambda_align_007/ours_s3_curve.csv
ours,coord_04_method_ours_lambda_align_008,2,0.861332071681071,0.861332071681071,0.861332071681071,False,/home/zhujjing/MOE-grad-conflict-routing/runs/paper_suite/single_gpu/multi_task/glue4_deberta_lora_e4_k2/hpo/ours/trial_runs/coord_04_method_ours_lambda_align_008/ours_s2.json,/home/zhujjing/MOE-grad-conflict-routing/runs/paper_suite/single_gpu/multi_task/glue4_deberta_lora_e4_k2/hpo/ours/trial_runs/coord_04_method_ours_lambda_align_008/ours_s2_curve.csv
ours,coord_04_method_ours_lambda_align_008,3,0.8675957252968852,0.8675957252968852,0.8675957252968852,False,/home/zhujjing/MOE-grad-conflict-routing/runs/paper_suite/single_gpu/multi_task/glue4_deberta_lora_e4_k2/hpo/ours/trial_runs/coord_04_method_ours_lambda_align_008/ours_s3.json,/home/zhujjing/MOE-grad-conflict-routing/runs/paper_suite/single_gpu/multi_task/glue4_deberta_lora_e4_k2/hpo/ours/trial_runs/coord_04_method_ours_lambda_align_008/ours_s3_curve.csv
ours,coord_04_method_ours_lambda_align_009,2,0.8492926342706195,0.8492926342706195,0.8492926342706195,False,/home/zhujjing/MOE-grad-conflict-routing/runs/paper_suite/single_gpu/multi_task/glue4_deberta_lora_e4_k2/hpo/ours/trial_runs/coord_04_method_ours_lambda_align_009/ours_s2.json,/home/zhujjing/MOE-grad-conflict-routing/runs/paper_suite/single_gpu/multi_task/glue4_deberta_lora_e4_k2/hpo/ours/trial_runs/coord_04_method_ours_lambda_align_009/ours_s2_curve.csv
ours,coord_04_method_ours_lambda_align_009,3,0.8627666538105477,0.8627666538105477,0.8627666538105477,False,/home/zhujjing/MOE-grad-conflict-routing/runs/paper_suite/single_gpu/multi_task/glue4_deberta_lora_e4_k2/hpo/ours/trial_runs/coord_04_method_ours_lambda_align_009/ours_s3.json,/home/zhujjing/MOE-grad-conflict-routing/runs/paper_suite/single_gpu/multi_task/glue4_deberta_lora_e4_k2/hpo/ours/trial_runs/coord_04_method_ours_lambda_align_009/ours_s3_curve.csv
ours,coord_04_method_ours_lambda_align_010,2,0.8629583763530749,0.8629583763530749,0.8629583763530749,False,/home/zhujjing/MOE-grad-conflict-routing/runs/paper_suite/single_gpu/multi_task/glue4_deberta_lora_e4_k2/hpo/ours/trial_runs/coord_04_method_ours_lambda_align_010/ours_s2.json,/home/zhujjing/MOE-grad-conflict-routing/runs/paper_suite/single_gpu/multi_task/glue4_deberta_lora_e4_k2/hpo/ours/trial_runs/coord_04_method_ours_lambda_align_010/ours_s2_curve.csv
ours,coord_04_method_ours_lambda_align_010,3,0.8498453283897095,0.8498453283897095,0.8498453283897095,False,/home/zhujjing/MOE-grad-conflict-routing/runs/paper_suite/single_gpu/multi_task/glue4_deberta_lora_e4_k2/hpo/ours/trial_runs/coord_04_method_ours_lambda_align_010/ours_s3.json,/home/zhujjing/MOE-grad-conflict-routing/runs/paper_suite/single_gpu/multi_task/glue4_deberta_lora_e4_k2/hpo/ours/trial_runs/coord_04_method_ours_lambda_align_010/ours_s3_curve.csv
ours,local_var_topk_000,2,0.8459794691007737,0.8459794691007737,0.8459794691007737,False,/home/zhujjing/MOE-grad-conflict-routing/runs/paper_suite/single_gpu/multi_task/glue4_deberta_lora_e4_k2/hpo/ours/trial_runs/local_var_topk_000/ours_s2.json,/home/zhujjing/MOE-grad-conflict-routing/runs/paper_suite/single_gpu/multi_task/glue4_deberta_lora_e4_k2/hpo/ours/trial_runs/local_var_topk_000/ours_s2_curve.csv
ours,local_var_topk_000,3,0.8552444707020657,0.8552444707020657,0.8552444707020657,False,/home/zhujjing/MOE-grad-conflict-routing/runs/paper_suite/single_gpu/multi_task/glue4_deberta_lora_e4_k2/hpo/ours/trial_runs/local_var_topk_000/ours_s3.json,/home/zhujjing/MOE-grad-conflict-routing/runs/paper_suite/single_gpu/multi_task/glue4_deberta_lora_e4_k2/hpo/ours/trial_runs/local_var_topk_000/ours_s3_curve.csv
ours,local_var_topk_001,2,0.8565808390002411,0.8565808390002411,0.8565808390002411,False,/home/zhujjing/MOE-grad-conflict-routing/runs/paper_suite/single_gpu/multi_task/glue4_deberta_lora_e4_k2/hpo/ours/trial_runs/local_var_topk_001/ours_s2.json,/home/zhujjing/MOE-grad-conflict-routing/runs/paper_suite/single_gpu/multi_task/glue4_deberta_lora_e4_k2/hpo/ours/trial_runs/local_var_topk_001/ours_s2_curve.csv
ours,local_var_topk_001,3,0.8494021953266905,0.8494021953266905,0.8494021953266905,False,/home/zhujjing/MOE-grad-conflict-routing/runs/paper_suite/single_gpu/multi_task/glue4_deberta_lora_e4_k2/hpo/ours/trial_runs/local_var_topk_001/ours_s3.json,/home/zhujjing/MOE-grad-conflict-routing/runs/paper_suite/single_gpu/multi_task/glue4_deberta_lora_e4_k2/hpo/ours/trial_runs/local_var_topk_001/ours_s3_curve.csv
ours,local_var_topk_002,2,0.8464179166958927,0.8464179166958927,0.8464179166958927,False,/home/zhujjing/MOE-grad-conflict-routing/runs/paper_suite/single_gpu/multi_task/glue4_deberta_lora_e4_k2/hpo/ours/trial_runs/local_var_topk_002/ours_s2.json,/home/zhujjing/MOE-grad-conflict-routing/runs/paper_suite/single_gpu/multi_task/glue4_deberta_lora_e4_k2/hpo/ours/trial_runs/local_var_topk_002/ours_s2_curve.csv
ours,local_var_topk_002,3,0.8498876469768029,0.8498876469768029,0.8498876469768029,False,/home/zhujjing/MOE-grad-conflict-routing/runs/paper_suite/single_gpu/multi_task/glue4_deberta_lora_e4_k2/hpo/ours/trial_runs/local_var_topk_002/ours_s3.json,/home/zhujjing/MOE-grad-conflict-routing/runs/paper_suite/single_gpu/multi_task/glue4_deberta_lora_e4_k2/hpo/ours/trial_runs/local_var_topk_002/ours_s3_curve.csv
ours,local_var_topk_003,2,0.8321099797957636,0.8321099797957636,0.8321099797957636,False,/home/zhujjing/MOE-grad-conflict-routing/runs/paper_suite/single_gpu/multi_task/glue4_deberta_lora_e4_k2/hpo/ours/trial_runs/local_var_topk_003/ours_s2.json,/home/zhujjing/MOE-grad-conflict-routing/runs/paper_suite/single_gpu/multi_task/glue4_deberta_lora_e4_k2/hpo/ours/trial_runs/local_var_topk_003/ours_s2_curve.csv
ours,local_var_topk_003,3,0.8431316516969014,0.8431316516969014,0.8431316516969014,False,/home/zhujjing/MOE-grad-conflict-routing/runs/paper_suite/single_gpu/multi_task/glue4_deberta_lora_e4_k2/hpo/ours/trial_runs/local_var_topk_003/ours_s3.json,/home/zhujjing/MOE-grad-conflict-routing/runs/paper_suite/single_gpu/multi_task/glue4_deberta_lora_e4_k2/hpo/ours/trial_runs/local_var_topk_003/ours_s3_curve.csv
ours,local_var_topk_004,2,0.8367274656626923,0.8367274656626923,0.8367274656626923,False,/home/zhujjing/MOE-grad-conflict-routing/runs/paper_suite/single_gpu/multi_task/glue4_deberta_lora_e4_k2/hpo/ours/trial_runs/local_var_topk_004/ours_s2.json,/home/zhujjing/MOE-grad-conflict-routing/runs/paper_suite/single_gpu/multi_task/glue4_deberta_lora_e4_k2/hpo/ours/trial_runs/local_var_topk_004/ours_s2_curve.csv
ours,local_var_topk_004,3,0.8399260840583423,0.8399260840583423,0.8399260840583423,False,/home/zhujjing/MOE-grad-conflict-routing/runs/paper_suite/single_gpu/multi_task/glue4_deberta_lora_e4_k2/hpo/ours/trial_runs/local_var_topk_004/ours_s3.json,/home/zhujjing/MOE-grad-conflict-routing/runs/paper_suite/single_gpu/multi_task/glue4_deberta_lora_e4_k2/hpo/ours/trial_runs/local_var_topk_004/ours_s3_curve.csv
ours,local_var_topk_005,2,0.8455700471274403,0.8455700471274403,0.8455700471274403,False,/home/zhujjing/MOE-grad-conflict-routing/runs/paper_suite/single_gpu/multi_task/glue4_deberta_lora_e4_k2/hpo/ours/trial_runs/local_var_topk_005/ours_s2.json,/home/zhujjing/MOE-grad-conflict-routing/runs/paper_suite/single_gpu/multi_task/glue4_deberta_lora_e4_k2/hpo/ours/trial_runs/local_var_topk_005/ours_s2_curve.csv
ours,local_var_topk_005,3,0.8250323886422299,0.8250323886422299,0.8250323886422299,False,/home/zhujjing/MOE-grad-conflict-routing/runs/paper_suite/single_gpu/multi_task/glue4_deberta_lora_e4_k2/hpo/ours/trial_runs/local_var_topk_005/ours_s3.json,/home/zhujjing/MOE-grad-conflict-routing/runs/paper_suite/single_gpu/multi_task/glue4_deberta_lora_e4_k2/hpo/ours/trial_runs/local_var_topk_005/ours_s3_curve.csv
ours,local_var_topk_006,2,0.8470522298040944,0.8470522298040944,0.8470522298040944,False,/home/zhujjing/MOE-grad-conflict-routing/runs/paper_suite/single_gpu/multi_task/glue4_deberta_lora_e4_k2/hpo/ours/trial_runs/local_var_topk_006/ours_s2.json,/home/zhujjing/MOE-grad-conflict-routing/runs/paper_suite/single_gpu/multi_task/glue4_deberta_lora_e4_k2/hpo/ours/trial_runs/local_var_topk_006/ours_s2_curve.csv
ours,local_var_topk_006,3,0.8330521160657058,0.8330521160657058,0.8330521160657058,False,/home/zhujjing/MOE-grad-conflict-routing/runs/paper_suite/single_gpu/multi_task/glue4_deberta_lora_e4_k2/hpo/ours/trial_runs/local_var_topk_006/ours_s3.json,/home/zhujjing/MOE-grad-conflict-routing/runs/paper_suite/single_gpu/multi_task/glue4_deberta_lora_e4_k2/hpo/ours/trial_runs/local_var_topk_006/ours_s3_curve.csv
ours,local_var_topk_007,2,0.8269906645833487,0.8269906645833487,0.8269906645833487,False,/home/zhujjing/MOE-grad-conflict-routing/runs/paper_suite/single_gpu/multi_task/glue4_deberta_lora_e4_k2/hpo/ours/trial_runs/local_var_topk_007/ours_s2.json,/home/zhujjing/MOE-grad-conflict-routing/runs/paper_suite/single_gpu/multi_task/glue4_deberta_lora_e4_k2/hpo/ours/trial_runs/local_var_topk_007/ours_s2_curve.csv
ours,local_var_topk_007,3,0.8454940551011174,0.8454940551011174,0.8454940551011174,False,/home/zhujjing/MOE-grad-conflict-routing/runs/paper_suite/single_gpu/multi_task/glue4_deberta_lora_e4_k2/hpo/ours/trial_runs/local_var_topk_007/ours_s3.json,/home/zhujjing/MOE-grad-conflict-routing/runs/paper_suite/single_gpu/multi_task/glue4_deberta_lora_e4_k2/hpo/ours/trial_runs/local_var_topk_007/ours_s3_curve.csv
ours,local_var_topk_008,2,0.8263319736708051,0.8263319736708051,0.8263319736708051,False,/home/zhujjing/MOE-grad-conflict-routing/runs/paper_suite/single_gpu/multi_task/glue4_deberta_lora_e4_k2/hpo/ours/trial_runs/local_var_topk_008/ours_s2.json,/home/zhujjing/MOE-grad-conflict-routing/runs/paper_suite/single_gpu/multi_task/glue4_deberta_lora_e4_k2/hpo/ours/trial_runs/local_var_topk_008/ours_s2_curve.csv
ours,local_var_topk_008,3,0.8430892163642085,0.8430892163642085,0.8430892163642085,False,/home/zhujjing/MOE-grad-conflict-routing/runs/paper_suite/single_gpu/multi_task/glue4_deberta_lora_e4_k2/hpo/ours/trial_runs/local_var_topk_008/ours_s3.json,/home/zhujjing/MOE-grad-conflict-routing/runs/paper_suite/single_gpu/multi_task/glue4_deberta_lora_e4_k2/hpo/ours/trial_runs/local_var_topk_008/ours_s3_curve.csv
ours,local_var_topk_009,2,0.850788573314782,0.850788573314782,0.850788573314782,False,/home/zhujjing/MOE-grad-conflict-routing/runs/paper_suite/single_gpu/multi_task/glue4_deberta_lora_e4_k2/hpo/ours/trial_runs/local_var_topk_009/ours_s2.json,/home/zhujjing/MOE-grad-conflict-routing/runs/paper_suite/single_gpu/multi_task/glue4_deberta_lora_e4_k2/hpo/ours/trial_runs/local_var_topk_009/ours_s2_curve.csv
ours,local_var_topk_009,3,0.8597647344331898,0.8597647344331898,0.8597647344331898,False,/home/zhujjing/MOE-grad-conflict-routing/runs/paper_suite/single_gpu/multi_task/glue4_deberta_lora_e4_k2/hpo/ours/trial_runs/local_var_topk_009/ours_s3.json,/home/zhujjing/MOE-grad-conflict-routing/runs/paper_suite/single_gpu/multi_task/glue4_deberta_lora_e4_k2/hpo/ours/trial_runs/local_var_topk_009/ours_s3_curve.csv
ours,local_var_topk_010,2,0.8601168022703854,0.8601168022703854,0.8601168022703854,False,/home/zhujjing/MOE-grad-conflict-routing/runs/paper_suite/single_gpu/multi_task/glue4_deberta_lora_e4_k2/hpo/ours/trial_runs/local_var_topk_010/ours_s2.json,/home/zhujjing/MOE-grad-conflict-routing/runs/paper_suite/single_gpu/multi_task/glue4_deberta_lora_e4_k2/hpo/ours/trial_runs/local_var_topk_010/ours_s2_curve.csv
ours,local_var_topk_010,3,0.8559511988097872,0.8559511988097872,0.8559511988097872,False,/home/zhujjing/MOE-grad-conflict-routing/runs/paper_suite/single_gpu/multi_task/glue4_deberta_lora_e4_k2/hpo/ours/trial_runs/local_var_topk_010/ours_s3.json,/home/zhujjing/MOE-grad-conflict-routing/runs/paper_suite/single_gpu/multi_task/glue4_deberta_lora_e4_k2/hpo/ours/trial_runs/local_var_topk_010/ours_s3_curve.csv
ours,local_var_topk_011,2,0.8658956707950893,0.8658956707950893,0.8658956707950893,False,/home/zhujjing/MOE-grad-conflict-routing/runs/paper_suite/single_gpu/multi_task/glue4_deberta_lora_e4_k2/hpo/ours/trial_runs/local_var_topk_011/ours_s2.json,/home/zhujjing/MOE-grad-conflict-routing/runs/paper_suite/single_gpu/multi_task/glue4_deberta_lora_e4_k2/hpo/ours/trial_runs/local_var_topk_011/ours_s2_curve.csv
ours,local_var_topk_011,3,0.8594626260853022,0.8594626260853022,0.8594626260853022,False,/home/zhujjing/MOE-grad-conflict-routing/runs/paper_suite/single_gpu/multi_task/glue4_deberta_lora_e4_k2/hpo/ours/trial_runs/local_var_topk_011/ours_s3.json,/home/zhujjing/MOE-grad-conflict-routing/runs/paper_suite/single_gpu/multi_task/glue4_deberta_lora_e4_k2/hpo/ours/trial_runs/local_var_topk_011/ours_s3_curve.csv
ours,local_var_topk_012,2,0.8606678580011863,0.8606678580011863,0.8606678580011863,False,/home/zhujjing/MOE-grad-conflict-routing/runs/paper_suite/single_gpu/multi_task/glue4_deberta_lora_e4_k2/hpo/ours/trial_runs/local_var_topk_012/ours_s2.json,/home/zhujjing/MOE-grad-conflict-routing/runs/paper_suite/single_gpu/multi_task/glue4_deberta_lora_e4_k2/hpo/ours/trial_runs/local_var_topk_012/ours_s2_curve.csv
ours,local_var_topk_012,3,0.8478436254204008,0.8478436254204008,0.8478436254204008,False,/home/zhujjing/MOE-grad-conflict-routing/runs/paper_suite/single_gpu/multi_task/glue4_deberta_lora_e4_k2/hpo/ours/trial_runs/local_var_topk_012/ours_s3.json,/home/zhujjing/MOE-grad-conflict-routing/runs/paper_suite/single_gpu/multi_task/glue4_deberta_lora_e4_k2/hpo/ours/trial_runs/local_var_topk_012/ours_s3_curve.csv
ours,local_var_topk_013,2,0.8757643214945082,0.8757643214945082,0.8757643214945082,False,/home/zhujjing/MOE-grad-conflict-routing/runs/paper_suite/single_gpu/multi_task/glue4_deberta_lora_e4_k2/hpo/ours/trial_runs/local_var_topk_013/ours_s2.json,/home/zhujjing/MOE-grad-conflict-routing/runs/paper_suite/single_gpu/multi_task/glue4_deberta_lora_e4_k2/hpo/ours/trial_runs/local_var_topk_013/ours_s2_curve.csv
ours,local_var_topk_013,3,0.8628223030134046,0.8628223030134046,0.8628223030134046,False,/home/zhujjing/MOE-grad-conflict-routing/runs/paper_suite/single_gpu/multi_task/glue4_deberta_lora_e4_k2/hpo/ours/trial_runs/local_var_topk_013/ours_s3.json,/home/zhujjing/MOE-grad-conflict-routing/runs/paper_suite/single_gpu/multi_task/glue4_deberta_lora_e4_k2/hpo/ours/trial_runs/local_var_topk_013/ours_s3_curve.csv
ours,local_var_topk_014,2,0.8633477017583273,0.8633477017583273,0.8633477017583273,False,/home/zhujjing/MOE-grad-conflict-routing/runs/paper_suite/single_gpu/multi_task/glue4_deberta_lora_e4_k2/hpo/ours/trial_runs/local_var_topk_014/ours_s2.json,/home/zhujjing/MOE-grad-conflict-routing/runs/paper_suite/single_gpu/multi_task/glue4_deberta_lora_e4_k2/hpo/ours/trial_runs/local_var_topk_014/ours_s2_curve.csv
ours,local_var_topk_014,3,0.848420753206602,0.848420753206602,0.848420753206602,False,/home/zhujjing/MOE-grad-conflict-routing/runs/paper_suite/single_gpu/multi_task/glue4_deberta_lora_e4_k2/hpo/ours/trial_runs/local_var_topk_014/ours_s3.json,/home/zhujjing/MOE-grad-conflict-routing/runs/paper_suite/single_gpu/multi_task/glue4_deberta_lora_e4_k2/hpo/ours/trial_runs/local_var_topk_014/ours_s3_curve.csv
ours,local_var_topk_015,2,0.8695676643063203,0.8695676643063203,0.8695676643063203,False,/home/zhujjing/MOE-grad-conflict-routing/runs/paper_suite/single_gpu/multi_task/glue4_deberta_lora_e4_k2/hpo/ours/trial_runs/local_var_topk_015/ours_s2.json,/home/zhujjing/MOE-grad-conflict-routing/runs/paper_suite/single_gpu/multi_task/glue4_deberta_lora_e4_k2/hpo/ours/trial_runs/local_var_topk_015/ours_s2_curve.csv
ours,local_var_topk_015,3,0.8511679114258408,0.8511679114258408,0.8511679114258408,False,/home/zhujjing/MOE-grad-conflict-routing/runs/paper_suite/single_gpu/multi_task/glue4_deberta_lora_e4_k2/hpo/ours/trial_runs/local_var_topk_015/ours_s3.json,/home/zhujjing/MOE-grad-conflict-routing/runs/paper_suite/single_gpu/multi_task/glue4_deberta_lora_e4_k2/hpo/ours/trial_runs/local_var_topk_015/ours_s3_curve.csv
ours,local_var_topk_016,2,0.8604280480628733,0.8604280480628733,0.8604280480628733,False,/home/zhujjing/MOE-grad-conflict-routing/runs/paper_suite/single_gpu/multi_task/glue4_deberta_lora_e4_k2/hpo/ours/trial_runs/local_var_topk_016/ours_s2.json,/home/zhujjing/MOE-grad-conflict-routing/runs/paper_suite/single_gpu/multi_task/glue4_deberta_lora_e4_k2/hpo/ours/trial_runs/local_var_topk_016/ours_s2_curve.csv
ours,local_var_topk_016,3,0.8597214116004476,0.8597214116004476,0.8597214116004476,False,/home/zhujjing/MOE-grad-conflict-routing/runs/paper_suite/single_gpu/multi_task/glue4_deberta_lora_e4_k2/hpo/ours/trial_runs/local_var_topk_016/ours_s3.json,/home/zhujjing/MOE-grad-conflict-routing/runs/paper_suite/single_gpu/multi_task/glue4_deberta_lora_e4_k2/hpo/ours/trial_runs/local_var_topk_016/ours_s3_curve.csv
ours,local_var_topk_017,2,0.8584173944613817,0.8584173944613817,0.8584173944613817,False,/home/zhujjing/MOE-grad-conflict-routing/runs/paper_suite/single_gpu/multi_task/glue4_deberta_lora_e4_k2/hpo/ours/trial_runs/local_var_topk_017/ours_s2.json,/home/zhujjing/MOE-grad-conflict-routing/runs/paper_suite/single_gpu/multi_task/glue4_deberta_lora_e4_k2/hpo/ours/trial_runs/local_var_topk_017/ours_s2_curve.csv
ours,local_var_topk_017,3,0.8453033673526711,0.8453033673526711,0.8453033673526711,False,/home/zhujjing/MOE-grad-conflict-routing/runs/paper_suite/single_gpu/multi_task/glue4_deberta_lora_e4_k2/hpo/ours/trial_runs/local_var_topk_017/ours_s3.json,/home/zhujjing/MOE-grad-conflict-routing/runs/paper_suite/single_gpu/multi_task/glue4_deberta_lora_e4_k2/hpo/ours/trial_runs/local_var_topk_017/ours_s3_curve.csv
ours,local_var_topk_018,2,0.8522685462112666,0.8522685462112666,0.8522685462112666,False,/home/zhujjing/MOE-grad-conflict-routing/runs/paper_suite/single_gpu/multi_task/glue4_deberta_lora_e4_k2/hpo/ours/trial_runs/local_var_topk_018/ours_s2.json,/home/zhujjing/MOE-grad-conflict-routing/runs/paper_suite/single_gpu/multi_task/glue4_deberta_lora_e4_k2/hpo/ours/trial_runs/local_var_topk_018/ours_s2_curve.csv
ours,local_var_topk_018,3,0.8507444276006799,0.8507444276006799,0.8507444276006799,False,/home/zhujjing/MOE-grad-conflict-routing/runs/paper_suite/single_gpu/multi_task/glue4_deberta_lora_e4_k2/hpo/ours/trial_runs/local_var_topk_018/ours_s3.json,/home/zhujjing/MOE-grad-conflict-routing/runs/paper_suite/single_gpu/multi_task/glue4_deberta_lora_e4_k2/hpo/ours/trial_runs/local_var_topk_018/ours_s3_curve.csv
ours,local_var_topk_019,2,0.8477265851742283,0.8477265851742283,0.8477265851742283,False,/home/zhujjing/MOE-grad-conflict-routing/runs/paper_suite/single_gpu/multi_task/glue4_deberta_lora_e4_k2/hpo/ours/trial_runs/local_var_topk_019/ours_s2.json,/home/zhujjing/MOE-grad-conflict-routing/runs/paper_suite/single_gpu/multi_task/glue4_deberta_lora_e4_k2/hpo/ours/trial_runs/local_var_topk_019/ours_s2_curve.csv
ours,local_var_topk_019,3,0.8577718383238581,0.8577718383238581,0.8577718383238581,False,/home/zhujjing/MOE-grad-conflict-routing/runs/paper_suite/single_gpu/multi_task/glue4_deberta_lora_e4_k2/hpo/ours/trial_runs/local_var_topk_019/ours_s3.json,/home/zhujjing/MOE-grad-conflict-routing/runs/paper_suite/single_gpu/multi_task/glue4_deberta_lora_e4_k2/hpo/ours/trial_runs/local_var_topk_019/ours_s3_curve.csv
ours,local_var_topk_020,2,0.8429427552929375,0.8429427552929375,0.8429427552929375,False,/home/zhujjing/MOE-grad-conflict-routing/runs/paper_suite/single_gpu/multi_task/glue4_deberta_lora_e4_k2/hpo/ours/trial_runs/local_var_topk_020/ours_s2.json,/home/zhujjing/MOE-grad-conflict-routing/runs/paper_suite/single_gpu/multi_task/glue4_deberta_lora_e4_k2/hpo/ours/trial_runs/local_var_topk_020/ours_s2_curve.csv
ours,local_var_topk_020,3,0.8359853215320043,0.8359853215320043,0.8359853215320043,False,/home/zhujjing/MOE-grad-conflict-routing/runs/paper_suite/single_gpu/multi_task/glue4_deberta_lora_e4_k2/hpo/ours/trial_runs/local_var_topk_020/ours_s3.json,/home/zhujjing/MOE-grad-conflict-routing/runs/paper_suite/single_gpu/multi_task/glue4_deberta_lora_e4_k2/hpo/ours/trial_runs/local_var_topk_020/ours_s3_curve.csv
ours,local_var_topk_021,2,0.8440556624536381,0.8440556624536381,0.8440556624536381,False,/home/zhujjing/MOE-grad-conflict-routing/runs/paper_suite/single_gpu/multi_task/glue4_deberta_lora_e4_k2/hpo/ours/trial_runs/local_var_topk_021/ours_s2.json,/home/zhujjing/MOE-grad-conflict-routing/runs/paper_suite/single_gpu/multi_task/glue4_deberta_lora_e4_k2/hpo/ours/trial_runs/local_var_topk_021/ours_s2_curve.csv
ours,local_var_topk_021,3,0.8459875177564531,0.8459875177564531,0.8459875177564531,False,/home/zhujjing/MOE-grad-conflict-routing/runs/paper_suite/single_gpu/multi_task/glue4_deberta_lora_e4_k2/hpo/ours/trial_runs/local_var_topk_021/ours_s3.json,/home/zhujjing/MOE-grad-conflict-routing/runs/paper_suite/single_gpu/multi_task/glue4_deberta_lora_e4_k2/hpo/ours/trial_runs/local_var_topk_021/ours_s3_curve.csv
ours,local_var_topk_022,2,0.8565428681944003,0.8565428681944003,0.8565428681944003,False,/home/zhujjing/MOE-grad-conflict-routing/runs/paper_suite/single_gpu/multi_task/glue4_deberta_lora_e4_k2/hpo/ours/trial_runs/local_var_topk_022/ours_s2.json,/home/zhujjing/MOE-grad-conflict-routing/runs/paper_suite/single_gpu/multi_task/glue4_deberta_lora_e4_k2/hpo/ours/trial_runs/local_var_topk_022/ours_s2_curve.csv
ours,local_var_topk_022,3,0.847767160963551,0.847767160963551,0.847767160963551,False,/home/zhujjing/MOE-grad-conflict-routing/runs/paper_suite/single_gpu/multi_task/glue4_deberta_lora_e4_k2/hpo/ours/trial_runs/local_var_topk_022/ours_s3.json,/home/zhujjing/MOE-grad-conflict-routing/runs/paper_suite/single_gpu/multi_task/glue4_deberta_lora_e4_k2/hpo/ours/trial_runs/local_var_topk_022/ours_s3_curve.csv
ours,local_var_topk_023,2,0.847516230189644,0.847516230189644,0.847516230189644,False,/home/zhujjing/MOE-grad-conflict-routing/runs/paper_suite/single_gpu/multi_task/glue4_deberta_lora_e4_k2/hpo/ours/trial_runs/local_var_topk_023/ours_s2.json,/home/zhujjing/MOE-grad-conflict-routing/runs/paper_suite/single_gpu/multi_task/glue4_deberta_lora_e4_k2/hpo/ours/trial_runs/local_var_topk_023/ours_s2_curve.csv
ours,local_var_topk_023,3,0.8307615384848828,0.8307615384848828,0.8307615384848828,False,/home/zhujjing/MOE-grad-conflict-routing/runs/paper_suite/single_gpu/multi_task/glue4_deberta_lora_e4_k2/hpo/ours/trial_runs/local_var_topk_023/ours_s3.json,/home/zhujjing/MOE-grad-conflict-routing/runs/paper_suite/single_gpu/multi_task/glue4_deberta_lora_e4_k2/hpo/ours/trial_runs/local_var_topk_023/ours_s3_curve.csv
ours,local_var_topk_024,2,0.8491021925635246,0.8491021925635246,0.8491021925635246,False,/home/zhujjing/MOE-grad-conflict-routing/runs/paper_suite/single_gpu/multi_task/glue4_deberta_lora_e4_k2/hpo/ours/trial_runs/local_var_topk_024/ours_s2.json,/home/zhujjing/MOE-grad-conflict-routing/runs/paper_suite/single_gpu/multi_task/glue4_deberta_lora_e4_k2/hpo/ours/trial_runs/local_var_topk_024/ours_s2_curve.csv
ours,local_var_topk_024,3,0.8427075337291003,0.8427075337291003,0.8427075337291003,False,/home/zhujjing/MOE-grad-conflict-routing/runs/paper_suite/single_gpu/multi_task/glue4_deberta_lora_e4_k2/hpo/ours/trial_runs/local_var_topk_024/ours_s3.json,/home/zhujjing/MOE-grad-conflict-routing/runs/paper_suite/single_gpu/multi_task/glue4_deberta_lora_e4_k2/hpo/ours/trial_runs/local_var_topk_024/ours_s3_curve.csv
ours,local_var_topk_025,2,0.8471261538961516,0.8471261538961516,0.8471261538961516,False,/home/zhujjing/MOE-grad-conflict-routing/runs/paper_suite/single_gpu/multi_task/glue4_deberta_lora_e4_k2/hpo/ours/trial_runs/local_var_topk_025/ours_s2.json,/home/zhujjing/MOE-grad-conflict-routing/runs/paper_suite/single_gpu/multi_task/glue4_deberta_lora_e4_k2/hpo/ours/trial_runs/local_var_topk_025/ours_s2_curve.csv
ours,local_var_topk_025,3,0.8589490794120374,0.8589490794120374,0.8589490794120374,False,/home/zhujjing/MOE-grad-conflict-routing/runs/paper_suite/single_gpu/multi_task/glue4_deberta_lora_e4_k2/hpo/ours/trial_runs/local_var_topk_025/ours_s3.json,/home/zhujjing/MOE-grad-conflict-routing/runs/paper_suite/single_gpu/multi_task/glue4_deberta_lora_e4_k2/hpo/ours/trial_runs/local_var_topk_025/ours_s3_curve.csv
ours,local_var_topk_026,2,0.8546530601229896,0.8546530601229896,0.8546530601229896,False,/home/zhujjing/MOE-grad-conflict-routing/runs/paper_suite/single_gpu/multi_task/glue4_deberta_lora_e4_k2/hpo/ours/trial_runs/local_var_topk_026/ours_s2.json,/home/zhujjing/MOE-grad-conflict-routing/runs/paper_suite/single_gpu/multi_task/glue4_deberta_lora_e4_k2/hpo/ours/trial_runs/local_var_topk_026/ours_s2_curve.csv
ours,local_var_topk_026,3,0.8455072940715851,0.8455072940715851,0.8455072940715851,False,/home/zhujjing/MOE-grad-conflict-routing/runs/paper_suite/single_gpu/multi_task/glue4_deberta_lora_e4_k2/hpo/ours/trial_runs/local_var_topk_026/ours_s3.json,/home/zhujjing/MOE-grad-conflict-routing/runs/paper_suite/single_gpu/multi_task/glue4_deberta_lora_e4_k2/hpo/ours/trial_runs/local_var_topk_026/ours_s3_curve.csv
