method,candidate_id,stage,n_seeds,score_mean,score_std,best_mean,final_mean,train.grad_clip,train.lr,train.weight_decay,method.baseline_cagrad.c,method.baseline_cagrad.inner_lr,method.ours.lambda_align
baseline,local_var_topk_006,local_var_topk,2,0.8688725490196079,0.001225490196078427,0.8688725490196079,0.8688725490196079,2.0,1.9211887e-05,0.004875709175,,,
baseline,local_var_topk_010,local_var_topk,2,0.8639705882352942,0.02328431372549017,0.8639705882352942,0.8639705882352942,1.572120212075,3.8423775e-05,0.014875709175,,,
baseline,coord_03_train_grad_clip_024,coord:train.grad_clip,2,0.8615196078431373,0.01838235294117646,0.8615196078431373,0.8615196078431373,1.8721202120754474,3.842377498481764e-05,0.014875709174501246,,,
baseline,coord_02_train_weight_decay_013,coord:train.weight_decay,2,0.8602941176470589,0.004901960784313764,0.8602941176470589,0.8602941176470589,1.0,3.842377498481764e-05,0.014875709174501246,,,
baseline,coord_03_train_grad_clip_015,coord:train.grad_clip,2,0.8602941176470589,0.009803921568627472,0.8602941176470589,0.8602941176470589,0.9314329400046308,3.842377498481764e-05,0.014875709174501246,,,
baseline,coord_02_train_weight_decay_025,coord:train.weight_decay,2,0.8590686274509804,0.008578431372549045,0.8590686274509804,0.8590686274509804,1.0,3.842377498481764e-05,0.032846608813273635,,,
baseline,coord_03_train_grad_clip_014,coord:train.grad_clip,2,0.8590686274509804,0.013480392156862753,0.8590686274509804,0.8590686274509804,1.8832882286088262,3.842377498481764e-05,0.014875709174501246,,,
baseline,local_var_topk_001,local_var_topk,2,0.8566176470588236,0.006127450980392191,0.8566176470588236,0.8566176470588236,1.572120212075,1.9211887e-05,0.014875709175,,,
baseline,local_var_topk_005,local_var_topk,2,0.8566176470588236,0.0036764705882353366,0.8566176470588236,0.8566176470588236,1.872120212075,1.9211887e-05,0.024875709175,,,
baseline,coord_03_train_grad_clip_020,coord:train.grad_clip,2,0.8560049019607843,0.010416666666666685,0.8566176470588236,0.8553921568627452,1.4510510314631906,3.842377498481764e-05,0.014875709174501246,,,
baseline,coord_01_train_lr_011,coord:train.lr,2,0.8553921568627452,0.009803921568627472,0.8553921568627452,0.8553921568627452,1.0,3.842377498481764e-05,0.01,,,
baseline,local_var_topk_008,local_var_topk,2,0.8553921568627452,0.009803921568627472,0.8553921568627452,0.8553921568627452,2.0,1.9211887e-05,0.024875709175,,,
baseline,coord_03_train_grad_clip_006,coord:train.grad_clip,2,0.8541666666666667,0.008578431372549045,0.8541666666666667,0.8541666666666667,1.4235623362774221,3.842377498481764e-05,0.014875709174501246,,,
baseline,coord_02_train_weight_decay_022,coord:train.weight_decay,2,0.8541666666666666,0.001225490196078427,0.8541666666666666,0.8541666666666666,1.0,3.842377498481764e-05,0.041158298343528986,,,
baseline,coord_03_train_grad_clip_019,coord:train.grad_clip,2,0.8517156862745099,0.015931372549019607,0.8517156862745099,0.8517156862745099,1.8697671146876043,3.842377498481764e-05,0.014875709174501246,,,
baseline,local_var_topk_003,local_var_topk,2,0.8517156862745099,0.011029411764705899,0.8529411764705883,0.8504901960784315,1.872120212075,1.9211887e-05,0.004875709175,,,
baseline,local_var_topk_007,local_var_topk,2,0.8517156862745099,0.013480392156862753,0.8517156862745099,0.8517156862745099,2.0,1.9211887e-05,0.014875709175,,,
baseline,coord_03_train_grad_clip_008,coord:train.grad_clip,2,0.8517156862745098,0.006127450980392135,0.8517156862745098,0.8517156862745098,1.979075829358662,3.842377498481764e-05,0.014875709174501246,,,
baseline,local_var_topk_002,local_var_topk,2,0.8517156862745098,0.001225490196078427,0.8517156862745098,0.8517156862745098,1.572120212075,1.9211887e-05,0.024875709175,,,
baseline,coord_02_train_weight_decay_002,coord:train.weight_decay,2,0.8504901960784315,0.017156862745098034,0.8504901960784315,0.8504901960784315,1.0,3.842377498481764e-05,0.03175375624865879,,,
baseline,coord_02_train_weight_decay_014,coord:train.weight_decay,2,0.8504901960784315,0.012254901960784326,0.8504901960784315,0.8504901960784315,1.0,3.842377498481764e-05,0.0439404740209502,,,
baseline,local_var_topk_000,local_var_topk,2,0.8492647058823529,0.001225490196078427,0.8492647058823529,0.8492647058823529,1.572120212075,1.9211887e-05,0.004875709175,,,
baseline,coord_02_train_weight_decay_001,coord:train.weight_decay,2,0.8486519607843137,0.007965686274509831,0.857843137254902,0.8394607843137255,1.0,3.842377498481764e-05,0.006765903978014576,,,
baseline,coord_02_train_weight_decay_017,coord:train.weight_decay,2,0.8486519607843137,0.021446078431372584,0.8529411764705883,0.8443627450980392,1.0,3.842377498481764e-05,0.04458013788229831,,,
baseline,coord_01_anchor,coord:train.lr,2,0.8480392156862745,0.026960784313725505,0.8480392156862745,0.8480392156862745,1.0,2e-05,0.01,,,
baseline,coord_01_train_lr_026,coord:train.lr,2,0.8480392156862745,0.007352941176470562,0.8480392156862745,0.8480392156862745,1.0,1.3021229722294179e-05,0.01,,,
baseline,coord_03_train_grad_clip_009,coord:train.grad_clip,2,0.8468137254901961,0.011029411764705843,0.8468137254901961,0.8468137254901961,1.5112336071971466,3.842377498481764e-05,0.014875709174501246,,,
baseline,coord_03_train_grad_clip_025,coord:train.grad_clip,2,0.8468137254901961,0.003676470588235281,0.8468137254901961,0.8468137254901961,1.4513363637459453,3.842377498481764e-05,0.014875709174501246,,,
baseline,coord_02_train_weight_decay_023,coord:train.weight_decay,2,0.8455882352941176,0.01225490196078427,0.8455882352941176,0.8455882352941176,1.0,3.842377498481764e-05,0.019010805805594458,,,
baseline,local_var_topk_013,local_var_topk,2,0.84375,0.016544117647058876,0.8566176470588236,0.8308823529411765,1.872120212075,3.8423775e-05,0.014875709175,,,
baseline,coord_03_train_grad_clip_022,coord:train.grad_clip,2,0.8431372549019608,0.007352941176470562,0.8431372549019608,0.8431372549019608,1.8938644884012679,3.842377498481764e-05,0.014875709174501246,,,
baseline,coord_03_train_grad_clip_027,coord:train.grad_clip,2,0.8431372549019608,0.022058823529411797,0.8431372549019608,0.8431372549019608,1.2020926389522912,3.842377498481764e-05,0.014875709174501246,,,
baseline,coord_03_train_grad_clip_028,coord:train.grad_clip,2,0.8431372549019608,0.014705882352941124,0.8431372549019608,0.8431372549019608,1.620289054860884,3.842377498481764e-05,0.014875709174501246,,,
baseline,local_var_topk_017,local_var_topk,2,0.8431372549019608,0.004901960784313708,0.8431372549019608,0.8431372549019608,2.0,3.8423775e-05,0.024875709175,,,
baseline,coord_03_train_grad_clip_003,coord:train.grad_clip,2,0.8425245098039216,0.02267156862745101,0.8541666666666667,0.8308823529411764,0.8690175238301865,3.842377498481764e-05,0.014875709174501246,,,
baseline,coord_02_train_weight_decay_007,coord:train.weight_decay,2,0.8419117647058824,0.008578431372548989,0.8419117647058824,0.8419117647058824,1.0,3.842377498481764e-05,0.007589584457877514,,,
baseline,coord_03_train_grad_clip_011,coord:train.grad_clip,2,0.8419117647058824,0.011029411764705843,0.8419117647058824,0.8419117647058824,0.5836984321932573,3.842377498481764e-05,0.014875709174501246,,,
baseline,coord_03_train_grad_clip_023,coord:train.grad_clip,2,0.8419117647058824,0.006127450980392135,0.8443627450980392,0.8394607843137255,1.3717118765125966,3.842377498481764e-05,0.014875709174501246,,,
baseline,coord_02_train_weight_decay_018,coord:train.weight_decay,2,0.8412990196078431,0.02267156862745101,0.8455882352941176,0.8370098039215685,1.0,3.842377498481764e-05,0.014711331222532143,,,
baseline,coord_01_train_lr_004,coord:train.lr,2,0.8406862745098039,0.02450980392156865,0.857843137254902,0.8235294117647058,1.0,2.5551784142791192e-05,0.01,,,
baseline,coord_02_train_weight_decay_000,coord:train.weight_decay,2,0.8394607843137255,0.003676470588235281,0.8394607843137255,0.8394607843137255,1.0,3.842377498481764e-05,0.024742505611920138,,,
baseline,coord_02_train_weight_decay_010,coord:train.weight_decay,2,0.8382352941176471,0.02450980392156865,0.8394607843137255,0.8370098039215687,1.0,3.842377498481764e-05,0.02446709884391641,,,
baseline,coord_02_train_weight_decay_004,coord:train.weight_decay,2,0.8376225490196079,0.0202205882352941,0.8431372549019608,0.8321078431372548,1.0,3.842377498481764e-05,0.012627914022778375,,,
baseline,coord_03_train_grad_clip_030,coord:train.grad_clip,2,0.8376225490196079,0.001838235294117585,0.8455882352941176,0.829656862745098,1.84100660022676,3.842377498481764e-05,0.014875709174501246,,,
baseline,local_var_topk_011,local_var_topk,2,0.8370098039215687,0.03308823529411764,0.8370098039215687,0.8370098039215687,1.572120212075,3.8423775e-05,0.024875709175,,,
baseline,coord_01_train_lr_005,coord:train.lr,2,0.8357843137254902,0.002450980392156854,0.8357843137254902,0.8357843137254902,1.0,1.2632687420587218e-05,0.01,,,
baseline,local_var_topk_004,local_var_topk,2,0.8357843137254902,0.0,0.8357843137254902,0.8357843137254902,1.872120212075,1.9211887e-05,0.014875709175,,,
baseline,coord_02_train_weight_decay_029,coord:train.weight_decay,2,0.8357843137254901,0.019607843137254888,0.8357843137254901,0.8357843137254901,1.0,3.842377498481764e-05,0.03380028542204753,,,
baseline,coord_01_train_lr_008,coord:train.lr,2,0.8345588235294117,0.006127450980392191,0.8370098039215687,0.8321078431372548,1.0,3.073869450200515e-05,0.01,,,
baseline,coord_03_train_grad_clip_016,coord:train.grad_clip,2,0.8345588235294117,0.015931372549019607,0.8345588235294117,0.8345588235294117,1.2616007792384907,3.842377498481764e-05,0.014875709174501246,,,
baseline,coord_02_train_weight_decay_019,coord:train.weight_decay,2,0.8333333333333334,0.026960784313725505,0.8370098039215687,0.8296568627450981,1.0,3.842377498481764e-05,0.03290476973510573,,,
baseline,coord_03_train_grad_clip_000,coord:train.grad_clip,2,0.8321078431372548,0.015931372549019607,0.8345588235294117,0.829656862745098,0.8623574172053887,3.842377498481764e-05,0.014875709174501246,,,
baseline,coord_02_train_weight_decay_030,coord:train.weight_decay,2,0.8314950980392157,0.018995098039215674,0.8357843137254901,0.8272058823529411,1.0,3.842377498481764e-05,0.004430866959425755,,,
baseline,coord_03_train_grad_clip_007,coord:train.grad_clip,2,0.8302696078431373,0.027573529411764663,0.8394607843137254,0.821078431372549,0.6972133520518287,3.842377498481764e-05,0.014875709174501246,,,
baseline,coord_03_train_grad_clip_021,coord:train.grad_clip,2,0.8302696078431373,0.007965686274509831,0.8308823529411764,0.829656862745098,1.5723090702581966,3.842377498481764e-05,0.014875709174501246,,,
baseline,local_var_topk_016,local_var_topk,2,0.8290441176470589,0.023897058823529382,0.8370098039215685,0.821078431372549,2.0,3.8423775e-05,0.014875709175,,,
baseline,coord_02_train_weight_decay_006,coord:train.weight_decay,2,0.8284313725490196,0.022058823529411742,0.8284313725490196,0.8284313725490196,1.0,3.842377498481764e-05,0.04941338139680235,,,
baseline,coord_03_train_grad_clip_005,coord:train.grad_clip,2,0.8284313725490196,0.007352941176470618,0.829656862745098,0.8272058823529411,0.6271934850757253,3.842377498481764e-05,0.014875709174501246,,,
baseline,coord_02_train_weight_decay_011,coord:train.weight_decay,2,0.8272058823529411,0.0036764705882353366,0.829656862745098,0.8247549019607843,1.0,3.842377498481764e-05,0.011082261465681276,,,
baseline,coord_02_anchor,coord:train.weight_decay,2,0.8259803921568627,0.024509803921568596,0.8394607843137255,0.8125,1.0,3.842377498481764e-05,0.01,,,
baseline,coord_02_train_weight_decay_003,coord:train.weight_decay,2,0.8259803921568627,0.009803921568627472,0.8259803921568627,0.8259803921568627,1.0,3.842377498481764e-05,0.035318587196151295,,,
baseline,coord_03_train_grad_clip_026,coord:train.grad_clip,2,0.8259803921568627,0.024509803921568596,0.8259803921568627,0.8259803921568627,1.7393652191189202,3.842377498481764e-05,0.014875709174501246,,,
baseline,coord_02_train_weight_decay_020,coord:train.weight_decay,2,0.8253676470588236,0.022671568627450955,0.8345588235294117,0.8161764705882353,1.0,3.842377498481764e-05,0.006169258684762719,,,
baseline,local_var_topk_015,local_var_topk,2,0.8247549019607843,0.025735294117647023,0.8247549019607843,0.8247549019607843,2.0,3.8423775e-05,0.004875709175,,,
baseline,coord_02_train_weight_decay_015,coord:train.weight_decay,2,0.8223039215686274,0.020833333333333315,0.8223039215686274,0.8223039215686274,1.0,3.842377498481764e-05,0.002253014112279611,,,
baseline,coord_03_anchor,coord:train.grad_clip,2,0.8223039215686274,0.05269607843137253,0.8223039215686274,0.8223039215686274,1.0,3.842377498481764e-05,0.014875709174501246,,,
baseline,coord_03_train_grad_clip_001,coord:train.grad_clip,2,0.8223039215686274,0.013480392156862753,0.8223039215686274,0.8223039215686274,0.9733492506568604,3.842377498481764e-05,0.014875709174501246,,,
baseline,coord_03_train_grad_clip_013,coord:train.grad_clip,2,0.821078431372549,0.02696078431372545,0.8333333333333333,0.8088235294117647,0.7891724794687339,3.842377498481764e-05,0.014875709174501246,,,
baseline,coord_02_train_weight_decay_027,coord:train.weight_decay,2,0.8204656862745099,0.04718137254901961,0.8529411764705883,0.7879901960784315,1.0,3.842377498481764e-05,0.04621390262168793,,,
baseline,coord_02_train_weight_decay_008,coord:train.weight_decay,2,0.8198529411764706,0.001225490196078427,0.8333333333333333,0.8063725490196079,1.0,3.842377498481764e-05,0.01543368425632205,,,
baseline,coord_02_train_weight_decay_016,coord:train.weight_decay,2,0.8198529411764706,0.030637254901960786,0.8198529411764706,0.8198529411764706,1.0,3.842377498481764e-05,0.03347846787638463,,,
baseline,coord_02_train_weight_decay_026,coord:train.weight_decay,2,0.8198529411764706,0.003676470588235281,0.8198529411764706,0.8198529411764706,1.0,3.842377498481764e-05,0.0460373429885869,,,
baseline,local_var_topk_012,local_var_topk,2,0.818014705882353,0.010416666666666685,0.8186274509803921,0.8174019607843137,1.872120212075,3.8423775e-05,0.004875709175,,,
baseline,coord_03_train_grad_clip_017,coord:train.grad_clip,2,0.8167892156862745,0.023897058823529438,0.8174019607843137,0.8161764705882353,1.6308554075674446,3.842377498481764e-05,0.014875709174501246,,,
baseline,local_var_topk_014,local_var_topk,2,0.8167892156862745,0.0030637254901960675,0.8223039215686274,0.8112745098039216,1.872120212075,3.8423775e-05,0.024875709175,,,
baseline,coord_02_train_weight_decay_012,coord:train.weight_decay,2,0.8137254901960784,0.002450980392156854,0.8137254901960784,0.8137254901960784,1.0,3.842377498481764e-05,0.027701961322819713,,,
baseline,coord_02_train_weight_decay_024,coord:train.weight_decay,2,0.8137254901960784,0.04656862745098039,0.8137254901960784,0.8137254901960784,1.0,3.842377498481764e-05,0.009605022582719232,,,
baseline,coord_03_train_grad_clip_002,coord:train.grad_clip,2,0.8125,0.04534313725490191,0.8125,0.8125,0.5277354059107395,3.842377498481764e-05,0.014875709174501246,,,
baseline,coord_03_train_grad_clip_010,coord:train.grad_clip,2,0.8100490196078431,0.006127450980392135,0.8100490196078431,0.8100490196078431,1.3976850553319569,3.842377498481764e-05,0.014875709174501246,,,
baseline,coord_02_train_weight_decay_009,coord:train.weight_decay,2,0.8088235294117647,0.03676470588235298,0.8125,0.8051470588235294,1.0,3.842377498481764e-05,0.007863245139373703,,,
baseline,coord_02_train_weight_decay_005,coord:train.weight_decay,2,0.8082107843137255,0.020220588235294157,0.8198529411764706,0.7965686274509804,1.0,3.842377498481764e-05,0.01546097607936744,,,
baseline,coord_03_train_grad_clip_029,coord:train.grad_clip,2,0.8075980392156863,0.01593137254901955,0.8149509803921569,0.8002450980392157,1.5249746574895362,3.842377498481764e-05,0.014875709174501246,,,
baseline,local_var_topk_018,local_var_topk,2,0.8063725490196079,0.03676470588235298,0.8088235294117647,0.803921568627451,1.572120212075,7.684755e-05,0.004875709175,,,
baseline,local_var_topk_009,local_var_topk,2,0.803921568627451,0.02450980392156865,0.821078431372549,0.786764705882353,1.572120212075,3.8423775e-05,0.004875709175,,,
baseline,coord_02_train_weight_decay_028,coord:train.weight_decay,2,0.8026960784313726,0.030637254901960786,0.8051470588235294,0.8002450980392157,1.0,3.842377498481764e-05,0.002392015778000395,,,
baseline,local_var_topk_026,local_var_topk,2,0.8014705882352942,0.012254901960784326,0.8014705882352942,0.8014705882352942,2.0,7.684755e-05,0.024875709175,,,
baseline,coord_03_train_grad_clip_018,coord:train.grad_clip,2,0.7959558823529411,0.011642156862745112,0.8149509803921569,0.7769607843137255,0.655249110351801,3.842377498481764e-05,0.014875709174501246,,,
baseline,coord_03_train_grad_clip_004,coord:train.grad_clip,2,0.7904411764705882,0.03799019607843135,0.7916666666666667,0.7892156862745098,0.9537451003327635,3.842377498481764e-05,0.014875709174501246,,,
baseline,local_var_topk_025,local_var_topk,2,0.7886029411764706,0.006740196078431404,0.7990196078431373,0.7781862745098039,2.0,7.684755e-05,0.014875709175,,,
baseline,coord_02_train_weight_decay_021,coord:train.weight_decay,2,0.7879901960784313,0.011029411764705954,0.7965686274509804,0.7794117647058824,1.0,3.842377498481764e-05,0.01947001734993263,,,
baseline,coord_01_train_lr_006,coord:train.lr,2,0.7818627450980392,0.026960784313725505,0.7818627450980392,0.7818627450980392,1.0,9.047754223534923e-05,0.01,,,
baseline,coord_01_train_lr_007,coord:train.lr,2,0.7775735294117647,0.02757352941176472,0.7794117647058824,0.7757352941176471,1.0,4.073235308694881e-05,0.01,,,
baseline,local_var_topk_024,local_var_topk,2,0.772671568627451,0.02144607843137253,0.8075980392156863,0.7377450980392157,2.0,7.684755e-05,0.004875709175,,,
baseline,coord_03_train_grad_clip_012,coord:train.grad_clip,2,0.767156862745098,0.04901960784313725,0.767156862745098,0.767156862745098,1.832812971253429,3.842377498481764e-05,0.014875709174501246,,,
baseline,coord_01_train_lr_019,coord:train.lr,2,0.7536764705882353,0.052696078431372584,0.7536764705882353,0.7536764705882353,1.0,7.110323964425335e-06,0.01,,,
baseline,coord_01_train_lr_003,coord:train.lr,2,0.7524509803921569,0.019607843137254943,0.7524509803921569,0.7524509803921569,1.0,6.110024420884288e-06,0.01,,,
baseline,local_var_topk_023,local_var_topk,2,0.7395833333333333,0.03860294117647062,0.7757352941176471,0.7034313725490196,1.872120212075,7.684755e-05,0.024875709175,,,
baseline,local_var_topk_021,local_var_topk,2,0.7340686274509804,0.050245098039215674,0.7340686274509804,0.7340686274509804,1.872120212075,7.684755e-05,0.004875709175,,,
baseline,local_var_topk_019,local_var_topk,2,0.732843137254902,0.04901960784313725,0.732843137254902,0.732843137254902,1.572120212075,7.684755e-05,0.014875709175,,,
baseline,coord_01_train_lr_018,coord:train.lr,2,0.7169117647058824,0.02083333333333337,0.7169117647058824,0.7169117647058824,1.0,4.807335376445626e-06,0.01,,,
baseline,local_var_topk_020,local_var_topk,2,0.7107843137254902,0.026960784313725505,0.7254901960784315,0.696078431372549,1.572120212075,7.684755e-05,0.024875709175,,,
baseline,coord_01_train_lr_014,coord:train.lr,2,0.6936274509803921,0.002450980392156854,0.6936274509803921,0.6936274509803921,1.0,5.108296150634059e-06,0.01,,,
baseline,coord_01_train_lr_022,coord:train.lr,2,0.6936274509803921,0.009803921568627472,0.6936274509803921,0.6936274509803921,1.0,3.7175742367040368e-06,0.01,,,
baseline,coord_01_train_lr_001,coord:train.lr,2,0.6905637254901961,0.006740196078431349,0.6973039215686274,0.6838235294117647,1.0,0.00011129736574037923,0.01,,,
baseline,local_var_topk_022,local_var_topk,2,0.6905637254901961,0.0006127450980392135,0.6973039215686274,0.6838235294117647,1.872120212075,7.684755e-05,0.014875709175,,,
baseline,coord_01_train_lr_000,coord:train.lr,2,0.6899509803921569,0.006127450980392135,0.6899509803921569,0.6899509803921569,1.0,3.0561322966883563e-06,0.01,,,
baseline,coord_01_train_lr_015,coord:train.lr,2,0.6899509803921569,0.006127450980392135,0.6899509803921569,0.6899509803921569,1.0,2.853290737656749e-06,0.01,,,
baseline,coord_01_train_lr_002,coord:train.lr,2,0.6838235294117647,0.0,0.6838235294117647,0.6838235294117647,1.0,0.003661385906620278,0.01,,,
baseline,coord_01_train_lr_009,coord:train.lr,2,0.6838235294117647,0.0,0.6838235294117647,0.6838235294117647,1.0,0.0005843483351802731,0.01,,,
baseline,coord_01_train_lr_010,coord:train.lr,2,0.6838235294117647,0.0,0.6838235294117647,0.6838235294117647,1.0,0.0006416285041125823,0.01,,,
baseline,coord_01_train_lr_012,coord:train.lr,2,0.6838235294117647,0.0,0.6838235294117647,0.6838235294117647,1.0,0.00417913039069514,0.01,,,
baseline,coord_01_train_lr_013,coord:train.lr,2,0.6838235294117647,0.0,0.6838235294117647,0.6838235294117647,1.0,0.00021988724827018982,0.01,,,
baseline,coord_01_train_lr_016,coord:train.lr,2,0.6838235294117647,0.0,0.6838235294117647,0.6838235294117647,1.0,0.0029118755045745566,0.01,,,
baseline,coord_01_train_lr_017,coord:train.lr,2,0.6838235294117647,0.0,0.6838235294117647,0.6838235294117647,1.0,0.0012255847296809882,0.01,,,
baseline,coord_01_train_lr_020,coord:train.lr,2,0.6838235294117647,0.0,0.6838235294117647,0.6838235294117647,1.0,0.00028967841337781465,0.01,,,
baseline,coord_01_train_lr_021,coord:train.lr,2,0.6838235294117647,0.0,0.6838235294117647,0.6838235294117647,1.0,0.0014365238198788802,0.01,,,
baseline,coord_01_train_lr_023,coord:train.lr,2,0.6838235294117647,0.0,0.6838235294117647,0.6838235294117647,1.0,0.00019607665473429846,0.01,,,
baseline,coord_01_train_lr_024,coord:train.lr,2,0.6838235294117647,0.0,0.6838235294117647,0.6838235294117647,1.0,0.0004102661289547511,0.01,,,
baseline,coord_01_train_lr_025,coord:train.lr,2,0.6838235294117647,0.0,0.6838235294117647,0.6838235294117647,1.0,0.00023194050944450392,0.01,,,
baseline,coord_01_train_lr_027,coord:train.lr,2,0.6838235294117647,0.0,0.6838235294117647,0.6838235294117647,1.0,0.0023176453472078242,0.01,,,
baseline,coord_01_train_lr_028,coord:train.lr,2,0.6838235294117647,0.0,0.6838235294117647,0.6838235294117647,1.0,0.00024045811390454276,0.01,,,
baseline,coord_01_train_lr_029,coord:train.lr,2,0.6838235294117647,0.0,0.6838235294117647,0.6838235294117647,1.0,0.004022948230169806,0.01,,,
baseline,coord_01_train_lr_030,coord:train.lr,2,0.6838235294117647,0.0,0.6838235294117647,0.6838235294117647,1.0,0.00010992623916907593,0.01,,,
cagrad,coord_05_anchor,coord:method.baseline_cagrad.inner_lr,2,0.8762254901960784,0.001225490196078427,0.8762254901960784,0.8762254901960784,0.7126720819818055,2.5230558699923877e-05,0.0037451510781109144,0.4,0.1,
cagrad,coord_05_method_baseline_cagrad_inner_lr_013,coord:method.baseline_cagrad.inner_lr,2,0.8713235294117647,0.008578431372548989,0.8713235294117647,0.8713235294117647,0.7126720819818055,2.5230558699923877e-05,0.0037451510781109144,0.4,0.18244603755313846,
cagrad,coord_01_train_lr_016,coord:train.lr,2,0.8700980392156863,0.007352941176470562,0.8700980392156863,0.8700980392156863,1.0,2.5230558699923877e-05,0.01,0.4,0.1,
cagrad,coord_03_train_grad_clip_014,coord:train.grad_clip,2,0.8688725490196079,0.008578431372548989,0.8688725490196079,0.8688725490196079,0.7126720819818055,2.5230558699923877e-05,0.0037451510781109144,0.4,0.1,
cagrad,coord_03_anchor,coord:train.grad_clip,2,0.8627450980392157,0.01470588235294118,0.8627450980392157,0.8627450980392157,1.0,2.5230558699923877e-05,0.0037451510781109144,0.4,0.1,
cagrad,coord_05_method_baseline_cagrad_inner_lr_001,coord:method.baseline_cagrad.inner_lr,2,0.8615196078431373,0.013480392156862753,0.8615196078431373,0.8615196078431373,0.7126720819818055,2.5230558699923877e-05,0.0037451510781109144,0.4,0.07654088954971919,
cagrad,local_var_topk_025,local_var_topk,2,0.8615196078431373,0.001225490196078427,0.8615196078431373,0.8615196078431373,1.012672081982,5.0461117e-05,0.0037451510781109144,0.4,0.1,
cagrad,coord_01_anchor,coord:train.lr,2,0.860906862745098,0.011642156862745112,0.8651960784313726,0.8566176470588236,1.0,2e-05,0.01,0.4,0.1,
cagrad,coord_03_train_grad_clip_001,coord:train.grad_clip,2,0.8590686274509804,0.008578431372549045,0.8590686274509804,0.8590686274509804,1.1953276801381858,2.5230558699923877e-05,0.0037451510781109144,0.4,0.1,
cagrad,local_var_topk_002,local_var_topk,2,0.8590686274509804,0.008578431372549045,0.8590686274509804,0.8590686274509804,0.5,1.2615279e-05,0.0037451510781109144,0.4,0.2,
cagrad,coord_05_method_baseline_cagrad_inner_lr_005,coord:method.baseline_cagrad.inner_lr,2,0.8584558823529411,0.01654411764705882,0.8590686274509804,0.857843137254902,0.7126720819818055,2.5230558699923877e-05,0.0037451510781109144,0.4,0.022256766075023793,
cagrad,coord_02_train_weight_decay_000,coord:train.weight_decay,2,0.857843137254902,0.01470588235294118,0.857843137254902,0.857843137254902,1.0,2.5230558699923877e-05,0.0037451510781109144,0.4,0.1,
cagrad,coord_03_train_grad_clip_000,coord:train.grad_clip,2,0.857843137254902,0.0024509803921569095,0.857843137254902,0.857843137254902,1.594082469249858,2.5230558699923877e-05,0.0037451510781109144,0.4,0.1,
cagrad,coord_03_train_grad_clip_009,coord:train.grad_clip,2,0.857843137254902,0.01470588235294118,0.857843137254902,0.857843137254902,0.820192140932037,2.5230558699923877e-05,0.0037451510781109144,0.4,0.1,
cagrad,coord_04_anchor,coord:method.baseline_cagrad.c,2,0.857843137254902,0.009803921568627472,0.857843137254902,0.857843137254902,0.7126720819818055,2.5230558699923877e-05,0.0037451510781109144,0.4,0.1,
cagrad,local_var_topk_008,local_var_topk,2,0.857843137254902,0.012254901960784326,0.857843137254902,0.857843137254902,1.012672081982,1.2615279e-05,0.0037451510781109144,0.4,0.2,
cagrad,coord_03_train_grad_clip_012,coord:train.grad_clip,2,0.8566176470588236,0.011029411764705899,0.8566176470588236,0.8566176470588236,1.6602291895584793,2.5230558699923877e-05,0.0037451510781109144,0.4,0.1,
cagrad,coord_03_train_grad_clip_008,coord:train.grad_clip,2,0.8566176470588235,0.001225490196078427,0.8566176470588235,0.8566176470588235,0.9919648274387669,2.5230558699923877e-05,0.0037451510781109144,0.4,0.1,
cagrad,coord_04_method_baseline_cagrad_c_011,coord:method.baseline_cagrad.c,2,0.8553921568627451,0.002450980392156854,0.8553921568627451,0.8553921568627451,0.7126720819818055,2.5230558699923877e-05,0.0037451510781109144,0.22550193922244988,0.1,
cagrad,local_var_topk_016,local_var_topk,2,0.8553921568627451,0.0,0.8553921568627451,0.8553921568627451,1.012672081982,2.5230559e-05,0.0037451510781109144,0.4,0.1,
cagrad,coord_05_method_baseline_cagrad_inner_lr_006,coord:method.baseline_cagrad.inner_lr,2,0.8547794117647058,0.017769607843137247,0.857843137254902,0.8517156862745099,0.7126720819818055,2.5230558699923877e-05,0.0037451510781109144,0.4,0.05461040800424829,
cagrad,coord_01_train_lr_002,coord:train.lr,2,0.8541666666666667,0.020833333333333315,0.8541666666666667,0.8541666666666667,1.0,1.6931017748355704e-05,0.01,0.4,0.1,
cagrad,coord_05_method_baseline_cagrad_inner_lr_000,coord:method.baseline_cagrad.inner_lr,2,0.8541666666666667,0.01838235294117646,0.8541666666666667,0.8541666666666667,0.7126720819818055,2.5230558699923877e-05,0.0037451510781109144,0.4,0.07815593765543025,
cagrad,coord_02_train_weight_decay_002,coord:train.weight_decay,2,0.8529411764705882,0.0,0.8529411764705882,0.8529411764705882,1.0,2.5230558699923877e-05,0.04430050277988751,0.4,0.1,
cagrad,coord_02_train_weight_decay_014,coord:train.weight_decay,2,0.8529411764705882,0.002450980392156854,0.8529411764705882,0.8529411764705882,1.0,2.5230558699923877e-05,0.0371461601173865,0.4,0.1,
cagrad,local_var_topk_009,local_var_topk,2,0.8529411764705882,0.022058823529411797,0.8553921568627452,0.8504901960784313,0.5,2.5230559e-05,0.0037451510781109144,0.4,0.05,
cagrad,local_var_topk_015,local_var_topk,2,0.8529411764705882,0.002450980392156854,0.8529411764705882,0.8529411764705882,1.012672081982,2.5230559e-05,0.0037451510781109144,0.4,0.05,
cagrad,coord_02_train_weight_decay_008,coord:train.weight_decay,2,0.8523284313725491,0.007965686274509776,0.8602941176470589,0.8443627450980393,1.0,2.5230558699923877e-05,0.009265879001556105,0.4,0.1,
cagrad,coord_02_train_weight_decay_004,coord:train.weight_decay,2,0.852328431372549,0.009191176470588258,0.8553921568627452,0.8492647058823529,1.0,2.5230558699923877e-05,0.014367514730246106,0.4,0.1,
cagrad,coord_03_train_grad_clip_016,coord:train.grad_clip,2,0.8517156862745099,0.011029411764705899,0.8517156862745099,0.8517156862745099,1.908688321079499,2.5230558699923877e-05,0.0037451510781109144,0.4,0.1,
cagrad,coord_04_method_baseline_cagrad_c_007,coord:method.baseline_cagrad.c,2,0.8517156862745098,0.03799019607843135,0.8517156862745098,0.8517156862745098,0.7126720819818055,2.5230558699923877e-05,0.0037451510781109144,0.6939265300268169,0.1,
cagrad,coord_02_train_weight_decay_013,coord:train.weight_decay,2,0.8504901960784315,0.01470588235294118,0.8504901960784315,0.8504901960784315,1.0,2.5230558699923877e-05,0.0006453157727004167,0.4,0.1,
cagrad,coord_03_train_grad_clip_004,coord:train.grad_clip,2,0.8504901960784315,0.017156862745098034,0.8504901960784315,0.8504901960784315,1.23610214958761,2.5230558699923877e-05,0.0037451510781109144,0.4,0.1,
cagrad,coord_02_anchor,coord:train.weight_decay,2,0.8504901960784313,0.004901960784313708,0.8504901960784313,0.8504901960784313,1.0,2.5230558699923877e-05,0.01,0.4,0.1,
cagrad,coord_03_train_grad_clip_006,coord:train.grad_clip,2,0.8504901960784313,0.007352941176470562,0.8504901960784313,0.8504901960784313,1.7615721587592104,2.5230558699923877e-05,0.0037451510781109144,0.4,0.1,
cagrad,coord_02_train_weight_decay_006,coord:train.weight_decay,2,0.8498774509803921,0.01654411764705882,0.8517156862745099,0.8480392156862746,1.0,2.5230558699923877e-05,0.03456878451370884,0.4,0.1,
cagrad,coord_04_method_baseline_cagrad_c_004,coord:method.baseline_cagrad.c,2,0.849264705882353,0.015931372549019607,0.8590686274509804,0.8394607843137255,0.7126720819818055,2.5230558699923877e-05,0.0037451510781109144,0.31043093413515643,0.1,
cagrad,coord_05_method_baseline_cagrad_inner_lr_011,coord:method.baseline_cagrad.inner_lr,2,0.849264705882353,0.013480392156862753,0.849264705882353,0.849264705882353,0.7126720819818055,2.5230558699923877e-05,0.0037451510781109144,0.4,0.35924819935302704,
cagrad,coord_04_method_baseline_cagrad_c_008,coord:method.baseline_cagrad.c,2,0.8492647058823529,0.008578431372548989,0.8492647058823529,0.8492647058823529,0.7126720819818055,2.5230558699923877e-05,0.0037451510781109144,0.9303394245269179,0.1,
cagrad,coord_05_method_baseline_cagrad_inner_lr_008,coord:method.baseline_cagrad.inner_lr,2,0.8492647058823529,0.011029411764705954,0.857843137254902,0.8406862745098039,0.7126720819818055,2.5230558699923877e-05,0.0037451510781109144,0.4,0.07067764220221281,
cagrad,local_var_topk_004,local_var_topk,2,0.8492647058823529,0.006127450980392135,0.8492647058823529,0.8492647058823529,0.712672081982,1.2615279e-05,0.0037451510781109144,0.4,0.1,
cagrad,coord_05_method_baseline_cagrad_inner_lr_014,coord:method.baseline_cagrad.inner_lr,2,0.8486519607843137,0.021446078431372584,0.8529411764705883,0.8443627450980392,0.7126720819818055,2.5230558699923877e-05,0.0037451510781109144,0.4,0.02575731996239716,
cagrad,coord_02_train_weight_decay_012,coord:train.weight_decay,2,0.8480392156862745,0.0,0.8480392156862745,0.8480392156862745,1.0,2.5230558699923877e-05,0.028848696009948507,0.4,0.1,
cagrad,coord_03_train_grad_clip_015,coord:train.grad_clip,2,0.8480392156862745,0.004901960784313708,0.8480392156862745,0.8480392156862745,1.9496898198274781,2.5230558699923877e-05,0.0037451510781109144,0.4,0.1,
cagrad,coord_04_method_baseline_cagrad_c_001,coord:method.baseline_cagrad.c,2,0.8480392156862745,0.007352941176470562,0.8517156862745098,0.8443627450980392,0.7126720819818055,2.5230558699923877e-05,0.0037451510781109144,0.7843973576110502,0.1,
cagrad,local_var_topk_011,local_var_topk,2,0.8480392156862745,0.007352941176470562,0.8480392156862745,0.8480392156862745,0.5,2.5230559e-05,0.0037451510781109144,0.4,0.2,
cagrad,coord_03_train_grad_clip_013,coord:train.grad_clip,2,0.8474264705882353,0.017769607843137303,0.8553921568627452,0.8394607843137255,1.7790138409328238,2.5230558699923877e-05,0.0037451510781109144,0.4,0.1,
cagrad,coord_04_method_baseline_cagrad_c_014,coord:method.baseline_cagrad.c,2,0.8468137254901962,0.013480392156862753,0.8468137254901962,0.8468137254901962,0.7126720819818055,2.5230558699923877e-05,0.0037451510781109144,0.3653360980408559,0.1,
cagrad,coord_05_method_baseline_cagrad_inner_lr_002,coord:method.baseline_cagrad.inner_lr,2,0.8468137254901962,0.015931372549019607,0.8468137254901962,0.8468137254901962,0.7126720819818055,2.5230558699923877e-05,0.0037451510781109144,0.4,0.1566407295498356,
cagrad,coord_05_method_baseline_cagrad_inner_lr_017,coord:method.baseline_cagrad.inner_lr,2,0.8468137254901961,0.001225490196078427,0.8468137254901961,0.8468137254901961,0.7126720819818055,2.5230558699923877e-05,0.0037451510781109144,0.4,0.49476303346147593,
cagrad,coord_02_train_weight_decay_016,coord:train.weight_decay,2,0.8455882352941176,0.007352941176470562,0.8590686274509804,0.8321078431372548,1.0,2.5230558699923877e-05,0.017971601052122633,0.4,0.1,
cagrad,coord_04_method_baseline_cagrad_c_010,coord:method.baseline_cagrad.c,2,0.8455882352941176,0.007352941176470562,0.8455882352941176,0.8455882352941176,0.7126720819818055,2.5230558699923877e-05,0.0037451510781109144,0.28653965222133126,0.1,
cagrad,local_var_topk_003,local_var_topk,2,0.8455882352941176,0.004901960784313708,0.8455882352941176,0.8455882352941176,0.712672081982,1.2615279e-05,0.0037451510781109144,0.4,0.05,
cagrad,coord_04_method_baseline_cagrad_c_003,coord:method.baseline_cagrad.c,2,0.8443627450980392,0.008578431372548989,0.8443627450980392,0.8443627450980392,0.7126720819818055,2.5230558699923877e-05,0.0037451510781109144,0.4811638322148908,0.1,
cagrad,coord_04_method_baseline_cagrad_c_016,coord:method.baseline_cagrad.c,2,0.8443627450980392,0.011029411764705843,0.8443627450980392,0.8443627450980392,0.7126720819818055,2.5230558699923877e-05,0.0037451510781109144,0.670907719169724,0.1,
cagrad,local_var_topk_024,local_var_topk,2,0.8443627450980392,0.011029411764705843,0.8443627450980392,0.8443627450980392,1.012672081982,5.0461117e-05,0.0037451510781109144,0.4,0.05,
cagrad,local_var_topk_026,local_var_topk,2,0.84375,0.0018382352941176405,0.8455882352941176,0.8419117647058824,1.012672081982,5.0461117e-05,0.0037451510781109144,0.4,0.2,
cagrad,coord_02_train_weight_decay_010,coord:train.weight_decay,2,0.8431372549019608,0.009803921568627416,0.8431372549019608,0.8431372549019608,1.0,2.5230558699923877e-05,0.025364782818545862,0.4,0.1,
cagrad,coord_03_train_grad_clip_011,coord:train.grad_clip,2,0.8431372549019608,0.009803921568627416,0.8431372549019608,0.8431372549019608,1.0646239223547576,2.5230558699923877e-05,0.0037451510781109144,0.4,0.1,
cagrad,coord_03_train_grad_clip_017,coord:train.grad_clip,2,0.8431372549019608,0.002450980392156854,0.8431372549019608,0.8431372549019608,1.6582713020146087,2.5230558699923877e-05,0.0037451510781109144,0.4,0.1,
cagrad,coord_04_method_baseline_cagrad_c_013,coord:method.baseline_cagrad.c,2,0.8431372549019608,0.01715686274509809,0.8431372549019608,0.8431372549019608,0.7126720819818055,2.5230558699923877e-05,0.0037451510781109144,0.3662081091971867,0.1,
cagrad,coord_05_method_baseline_cagrad_inner_lr_004,coord:method.baseline_cagrad.inner_lr,2,0.8431372549019608,0.01715686274509809,0.8431372549019608,0.8431372549019608,0.7126720819818055,2.5230558699923877e-05,0.0037451510781109144,0.4,0.07383627008492472,
cagrad,local_var_topk_022,local_var_topk,2,0.8431372549019608,0.009803921568627416,0.8431372549019608,0.8431372549019608,0.712672081982,5.0461117e-05,0.0037451510781109144,0.4,0.1,
cagrad,coord_05_method_baseline_cagrad_inner_lr_010,coord:method.baseline_cagrad.inner_lr,2,0.8431372549019607,0.01470588235294118,0.8455882352941176,0.8406862745098038,0.7126720819818055,2.5230558699923877e-05,0.0037451510781109144,0.4,0.0730989141900441,
cagrad,coord_02_train_weight_decay_005,coord:train.weight_decay,2,0.8419117647058824,0.001225490196078427,0.8419117647058824,0.8419117647058824,1.0,2.5230558699923877e-05,0.008112802310274775,0.4,0.1,
cagrad,coord_02_train_weight_decay_009,coord:train.weight_decay,2,0.8419117647058824,0.02573529411764708,0.8419117647058824,0.8419117647058824,1.0,2.5230558699923877e-05,0.009393496225261684,0.4,0.1,
cagrad,coord_05_method_baseline_cagrad_inner_lr_016,coord:method.baseline_cagrad.inner_lr,2,0.8419117647058824,0.003676470588235281,0.8431372549019608,0.8406862745098039,0.7126720819818055,2.5230558699923877e-05,0.0037451510781109144,0.4,0.03125195703427329,
cagrad,coord_04_method_baseline_cagrad_c_000,coord:method.baseline_cagrad.c,2,0.8412990196078431,0.01899509803921573,0.8468137254901962,0.8357843137254902,0.7126720819818055,2.5230558699923877e-05,0.0037451510781109144,0.24682536599402566,0.1,
cagrad,local_var_topk_007,local_var_topk,2,0.8406862745098039,0.01225490196078427,0.8406862745098039,0.8406862745098039,1.012672081982,1.2615279e-05,0.0037451510781109144,0.4,0.1,
cagrad,local_var_topk_014,local_var_topk,2,0.8400735294117647,0.0018382352941176405,0.8419117647058824,0.8382352941176471,0.712672081982,2.5230559e-05,0.0037451510781109144,0.4,0.2,
cagrad,local_var_topk_018,local_var_topk,2,0.8400735294117647,0.02757352941176472,0.8553921568627452,0.8247549019607843,0.5,5.0461117e-05,0.0037451510781109144,0.4,0.05,
cagrad,local_var_topk_023,local_var_topk,2,0.8400735294117647,0.02267156862745101,0.8468137254901962,0.8333333333333334,0.712672081982,5.0461117e-05,0.0037451510781109144,0.4,0.2,
cagrad,coord_02_train_weight_decay_017,coord:train.weight_decay,2,0.8394607843137255,0.028186274509803932,0.8394607843137255,0.8394607843137255,1.0,2.5230558699923877e-05,0.02381615929592104,0.4,0.1,
cagrad,local_var_topk_000,local_var_topk,2,0.8394607843137255,0.006127450980392135,0.8394607843137255,0.8394607843137255,0.5,1.2615279e-05,0.0037451510781109144,0.4,0.05,
cagrad,coord_05_method_baseline_cagrad_inner_lr_003,coord:method.baseline_cagrad.inner_lr,2,0.838235294117647,0.019607843137254888,0.838235294117647,0.838235294117647,0.7126720819818055,2.5230558699923877e-05,0.0037451510781109144,0.4,0.09532402384578718,
cagrad,local_var_topk_017,local_var_topk,2,0.838235294117647,0.019607843137254888,0.8394607843137254,0.8370098039215685,1.012672081982,2.5230559e-05,0.0037451510781109144,0.4,0.2,
cagrad,coord_01_train_lr_000,coord:train.lr,2,0.8370098039215687,0.001225490196078427,0.8370098039215687,0.8370098039215687,1.0,3.483800361181956e-05,0.01,0.4,0.1,
cagrad,local_var_topk_001,local_var_topk,2,0.8357843137254902,0.007352941176470562,0.8357843137254902,0.8357843137254902,0.5,1.2615279e-05,0.0037451510781109144,0.4,0.1,
cagrad,local_var_topk_006,local_var_topk,2,0.8357843137254902,0.0,0.8357843137254902,0.8357843137254902,1.012672081982,1.2615279e-05,0.0037451510781109144,0.4,0.05,
cagrad,coord_04_method_baseline_cagrad_c_017,coord:method.baseline_cagrad.c,2,0.8345588235294117,0.008578431372549045,0.8468137254901961,0.8223039215686274,0.7126720819818055,2.5230558699923877e-05,0.0037451510781109144,0.48090135961138003,0.1,
cagrad,coord_02_train_weight_decay_011,coord:train.weight_decay,2,0.8339460784313726,0.02144607843137253,0.8431372549019608,0.8247549019607843,1.0,2.5230558699923877e-05,0.015665774434864055,0.4,0.1,
cagrad,coord_04_method_baseline_cagrad_c_012,coord:method.baseline_cagrad.c,2,0.8339460784313726,0.02144607843137253,0.8419117647058824,0.8259803921568627,0.7126720819818055,2.5230558699923877e-05,0.0037451510781109144,0.9009367382504575,0.1,
cagrad,local_var_topk_010,local_var_topk,2,0.8339460784313726,0.01654411764705882,0.8406862745098039,0.8272058823529411,0.5,2.5230559e-05,0.0037451510781109144,0.4,0.1,
cagrad,coord_02_train_weight_decay_003,coord:train.weight_decay,2,0.8333333333333333,0.01470588235294118,0.8345588235294117,0.8321078431372548,1.0,2.5230558699923877e-05,0.00034654617512255295,0.4,0.1,
cagrad,coord_02_train_weight_decay_001,coord:train.weight_decay,2,0.8327205882352942,0.02757352941176472,0.8357843137254902,0.8296568627450981,1.0,2.5230558699923877e-05,0.04164557575300149,0.4,0.1,
cagrad,coord_04_method_baseline_cagrad_c_002,coord:method.baseline_cagrad.c,2,0.8327205882352942,0.03247549019607843,0.8419117647058824,0.8235294117647058,0.7126720819818055,2.5230558699923877e-05,0.0037451510781109144,0.11875230563985628,0.1,
cagrad,coord_04_method_baseline_cagrad_c_005,coord:method.baseline_cagrad.c,2,0.8327205882352942,0.009191176470588258,0.8345588235294117,0.8308823529411764,0.7126720819818055,2.5230558699923877e-05,0.0037451510781109144,0.6535281282339918,0.1,
cagrad,coord_03_train_grad_clip_005,coord:train.grad_clip,2,0.8321078431372549,0.030637254901960786,0.8504901960784315,0.8137254901960784,0.7780371314321872,2.5230558699923877e-05,0.0037451510781109144,0.4,0.1,
cagrad,coord_05_method_baseline_cagrad_inner_lr_009,coord:method.baseline_cagrad.inner_lr,2,0.8321078431372548,0.011029411764705899,0.8321078431372548,0.8321078431372548,0.7126720819818055,2.5230558699923877e-05,0.0037451510781109144,0.4,0.015290299525829157,
cagrad,local_var_topk_005,local_var_topk,2,0.8321078431372548,0.006127450980392191,0.8321078431372548,0.8321078431372548,0.712672081982,1.2615279e-05,0.0037451510781109144,0.4,0.2,
cagrad,coord_01_train_lr_005,coord:train.lr,2,0.8314950980392157,0.011642156862745112,0.8321078431372548,0.8308823529411764,1.0,4.46028624326249e-05,0.01,0.4,0.1,
cagrad,coord_01_train_lr_018,coord:train.lr,2,0.8302696078431372,0.006740196078431349,0.8357843137254901,0.8247549019607843,1.0,2.410351909352087e-05,0.01,0.4,0.1,
cagrad,coord_04_method_baseline_cagrad_c_009,coord:method.baseline_cagrad.c,2,0.8290441176470589,0.000612745098039158,0.8394607843137255,0.8186274509803921,0.7126720819818055,2.5230558699923877e-05,0.0037451510781109144,0.9288277248837246,0.1,
cagrad,coord_04_method_baseline_cagrad_c_015,coord:method.baseline_cagrad.c,2,0.8284313725490196,0.012254901960784326,0.8357843137254902,0.821078431372549,0.7126720819818055,2.5230558699923877e-05,0.0037451510781109144,0.995116178442414,0.1,
cagrad,local_var_topk_013,local_var_topk,2,0.8284313725490196,0.02696078431372545,0.8284313725490196,0.8284313725490196,0.712672081982,2.5230559e-05,0.0037451510781109144,0.4,0.1,
cagrad,coord_05_method_baseline_cagrad_inner_lr_015,coord:method.baseline_cagrad.inner_lr,2,0.8278186274509804,0.005514705882352977,0.8357843137254902,0.8198529411764706,0.7126720819818055,2.5230558699923877e-05,0.0037451510781109144,0.4,0.15508540015632497,
cagrad,coord_03_train_grad_clip_003,coord:train.grad_clip,2,0.8272058823529411,0.028186274509803877,0.8357843137254901,0.8186274509803921,1.888120197704135,2.5230558699923877e-05,0.0037451510781109144,0.4,0.1,
cagrad,coord_03_train_grad_clip_007,coord:train.grad_clip,2,0.8272058823529411,0.015931372549019607,0.8272058823529411,0.8272058823529411,0.9778028381241367,2.5230558699923877e-05,0.0037451510781109144,0.4,0.1,
cagrad,coord_04_method_baseline_cagrad_c_006,coord:method.baseline_cagrad.c,2,0.8272058823529411,0.02328431372549017,0.8321078431372548,0.8223039215686274,0.7126720819818055,2.5230558699923877e-05,0.0037451510781109144,0.9099800660789195,0.1,
cagrad,local_var_topk_012,local_var_topk,2,0.826593137254902,0.031249999999999944,0.8468137254901961,0.8063725490196079,0.712672081982,2.5230559e-05,0.0037451510781109144,0.4,0.05,
cagrad,coord_05_method_baseline_cagrad_inner_lr_007,coord:method.baseline_cagrad.inner_lr,2,0.8259803921568627,0.04411764705882354,0.8504901960784315,0.8014705882352942,0.7126720819818055,2.5230558699923877e-05,0.0037451510781109144,0.4,0.28631051465925755,
cagrad,coord_02_train_weight_decay_015,coord:train.weight_decay,2,0.8247549019607843,0.01838235294117646,0.8247549019607843,0.8247549019607843,1.0,2.5230558699923877e-05,0.0021983005221160425,0.4,0.1,
cagrad,coord_03_train_grad_clip_002,coord:train.grad_clip,2,0.8229166666666667,0.022671568627450955,0.829656862745098,0.8161764705882353,1.0161765270105294,2.5230558699923877e-05,0.0037451510781109144,0.4,0.1,
cagrad,coord_05_method_baseline_cagrad_inner_lr_012,coord:method.baseline_cagrad.inner_lr,2,0.8204656862745098,0.0030637254901960675,0.8284313725490196,0.8125,0.7126720819818055,2.5230558699923877e-05,0.0037451510781109144,0.4,0.10551322344317783,
cagrad,local_var_topk_020,local_var_topk,2,0.8137254901960784,0.01470588235294118,0.8149509803921569,0.8125,0.5,5.0461117e-05,0.0037451510781109144,0.4,0.2,
cagrad,coord_03_train_grad_clip_010,coord:train.grad_clip,2,0.8094362745098039,0.030024509803921573,0.8112745098039216,0.8075980392156863,1.2734488306242047,2.5230558699923877e-05,0.0037451510781109144,0.4,0.1,
cagrad,coord_01_train_lr_008,coord:train.lr,2,0.8075980392156863,0.011029411764705899,0.8075980392156863,0.8075980392156863,1.0,9.799696331767565e-06,0.01,0.4,0.1,
cagrad,coord_02_train_weight_decay_007,coord:train.weight_decay,2,0.8026960784313726,0.04044117647058826,0.8026960784313726,0.8026960784313726,1.0,2.5230558699923877e-05,0.005634744022938704,0.4,0.1,
cagrad,local_var_topk_021,local_var_topk,2,0.7941176470588236,0.03431372549019612,0.8026960784313726,0.7855392156862746,0.712672081982,5.0461117e-05,0.0037451510781109144,0.4,0.05,
cagrad,coord_01_train_lr_004,coord:train.lr,2,0.7610294117647058,0.020833333333333315,0.7610294117647058,0.7610294117647058,1.0,5.91411225362692e-06,0.01,0.4,0.1,
cagrad,local_var_topk_019,local_var_topk,2,0.7426470588235294,0.05882352941176472,0.7487745098039216,0.7365196078431373,0.5,5.0461117e-05,0.0037451510781109144,0.4,0.1,
cagrad,coord_01_train_lr_010,coord:train.lr,2,0.7334558823529411,0.02267156862745101,0.7463235294117647,0.7205882352941176,1.0,8.970036802432437e-05,0.01,0.4,0.1,
cagrad,coord_01_train_lr_013,coord:train.lr,2,0.7107843137254902,0.026960784313725505,0.7107843137254902,0.7107843137254902,1.0,7.84864043125119e-05,0.01,0.4,0.1,
cagrad,coord_01_train_lr_001,coord:train.lr,2,0.6838235294117647,0.0,0.6838235294117647,0.6838235294117647,1.0,4.111515743183418e-06,0.01,0.4,0.1,
cagrad,coord_01_train_lr_003,coord:train.lr,2,0.6838235294117647,0.0,0.6838235294117647,0.6838235294117647,1.0,0.002073797345547276,0.01,0.4,0.1,
cagrad,coord_01_train_lr_006,coord:train.lr,2,0.6838235294117647,0.0,0.6838235294117647,0.6838235294117647,1.0,0.00018894207073174286,0.01,0.4,0.1,
cagrad,coord_01_train_lr_007,coord:train.lr,2,0.6838235294117647,0.0,0.6838235294117647,0.6838235294117647,1.0,0.0009742492105537776,0.01,0.4,0.1,
cagrad,coord_01_train_lr_009,coord:train.lr,2,0.6838235294117647,0.0,0.6838235294117647,0.6838235294117647,1.0,0.0005669721431582879,0.01,0.4,0.1,
cagrad,coord_01_train_lr_011,coord:train.lr,2,0.6838235294117647,0.0,0.6838235294117647,0.6838235294117647,1.0,2.310879691518557e-06,0.01,0.4,0.1,
cagrad,coord_01_train_lr_012,coord:train.lr,2,0.6838235294117647,0.0,0.6838235294117647,0.6838235294117647,1.0,0.00041610609215171266,0.01,0.4,0.1,
cagrad,coord_01_train_lr_014,coord:train.lr,2,0.6838235294117647,0.0,0.6838235294117647,0.6838235294117647,1.0,0.0003838930537498848,0.01,0.4,0.1,
cagrad,coord_01_train_lr_015,coord:train.lr,2,0.6838235294117647,0.0,0.6838235294117647,0.6838235294117647,1.0,0.00109599158420803,0.01,0.4,0.1,
cagrad,coord_01_train_lr_017,coord:train.lr,2,0.6838235294117647,0.0,0.6838235294117647,0.6838235294117647,1.0,2.072727779252473e-06,0.01,0.4,0.1,
ours,local_var_topk_001,local_var_topk,2,0.875,0.009803921568627416,0.875,0.875,0.887467156877,2.1166733e-05,0.015761370357,,,0.005047737318427321
ours,coord_04_method_ours_lambda_align_016,coord:method.ours.lambda_align,2,0.8676470588235294,0.004901960784313708,0.8676470588235294,0.8676470588235294,0.8874671568771483,4.2333466349297045e-05,0.025761370357300944,,,0.005047737318427321
ours,local_var_topk_006,local_var_topk,2,0.8676470588235294,0.0,0.8676470588235294,0.8676470588235294,0.587467156877,2.1166733e-05,0.035761370357,,,0.005047737318427321
ours,coord_01_train_lr_006,coord:train.lr,2,0.866421568627451,0.001225490196078427,0.8700980392156863,0.8627450980392157,1.0,4.2333466349297045e-05,0.01,,,0.001
ours,coord_04_method_ours_lambda_align_012,coord:method.ours.lambda_align,2,0.8651960784313726,0.017156862745098034,0.8651960784313726,0.8651960784313726,0.8874671568771483,4.2333466349297045e-05,0.025761370357300944,,,0.009330778085156435
ours,local_var_topk_000,local_var_topk,2,0.8651960784313726,0.0,0.8651960784313726,0.8651960784313726,0.587467156877,2.1166733e-05,0.015761370357,,,0.005047737318427321
ours,local_var_topk_017,local_var_topk,2,0.8651960784313726,0.002450980392156854,0.8651960784313726,0.8651960784313726,1.187467156877,4.2333466e-05,0.035761370357,,,0.005047737318427321
ours,coord_01_anchor,coord:train.lr,2,0.8639705882352942,0.003676470588235281,0.8639705882352942,0.8639705882352942,1.0,2e-05,0.01,,,0.001
ours,coord_03_train_grad_clip_017,coord:train.grad_clip,2,0.8627450980392157,0.007352941176470618,0.8627450980392157,0.8627450980392157,0.8874671568771483,4.2333466349297045e-05,0.025761370357300944,,,0.001
ours,local_var_topk_012,local_var_topk,2,0.8627450980392157,0.0,0.8627450980392157,0.8627450980392157,0.587467156877,4.2333466e-05,0.025761370357,,,0.005047737318427321
ours,local_var_topk_008,local_var_topk,2,0.8615196078431373,0.001225490196078427,0.8615196078431373,0.8615196078431373,1.187467156877,2.1166733e-05,0.035761370357,,,0.005047737318427321
ours,coord_01_train_lr_005,coord:train.lr,2,0.8590686274509804,0.008578431372549045,0.8590686274509804,0.8590686274509804,1.0,2.6527690644866382e-05,0.01,,,0.001
ours,coord_04_method_ours_lambda_align_022,coord:method.ours.lambda_align,2,0.8590686274509804,0.0036764705882353366,0.8590686274509804,0.8590686274509804,0.8874671568771483,4.2333466349297045e-05,0.025761370357300944,,,0.00048194170287499914
ours,coord_01_train_lr_016,coord:train.lr,2,0.857843137254902,0.012254901960784326,0.857843137254902,0.857843137254902,1.0,3.5435247698053836e-05,0.01,,,0.001
ours,coord_03_train_grad_clip_014,coord:train.grad_clip,2,0.857843137254902,0.007352941176470618,0.857843137254902,0.857843137254902,0.816096958480413,4.2333466349297045e-05,0.025761370357300944,,,0.001
ours,coord_01_train_lr_008,coord:train.lr,2,0.8566176470588236,0.008578431372549045,0.8566176470588236,0.8566176470588236,1.0,1.595254205679734e-05,0.01,,,0.001
ours,local_var_topk_007,local_var_topk,2,0.8566176470588236,0.02328431372549017,0.8566176470588236,0.8566176470588236,0.887467156877,2.1166733e-05,0.035761370357,,,0.005047737318427321
ours,local_var_topk_014,local_var_topk,2,0.8566176470588236,0.008578431372549045,0.8566176470588236,0.8566176470588236,1.187467156877,4.2333466e-05,0.025761370357,,,0.005047737318427321
ours,coord_02_train_weight_decay_001,coord:train.weight_decay,2,0.8553921568627452,0.009803921568627472,0.8553921568627452,0.8553921568627452,1.0,4.2333466349297045e-05,0.025761370357300944,,,0.001
ours,coord_04_method_ours_lambda_align_000,coord:method.ours.lambda_align,2,0.8553921568627452,0.009803921568627472,0.8553921568627452,0.8553921568627452,0.8874671568771483,4.2333466349297045e-05,0.025761370357300944,,,0.0002085502774794116
ours,local_var_topk_015,local_var_topk,2,0.8529411764705883,0.012254901960784326,0.8529411764705883,0.8529411764705883,0.587467156877,4.2333466e-05,0.035761370357,,,0.005047737318427321
ours,coord_02_train_weight_decay_006,coord:train.weight_decay,2,0.8529411764705882,0.02450980392156865,0.8541666666666667,0.8517156862745098,1.0,4.2333466349297045e-05,0.04811190452922659,,,0.001
ours,coord_03_train_grad_clip_012,coord:train.grad_clip,2,0.8529411764705882,0.02450980392156865,0.8541666666666667,0.8517156862745098,0.6534831993378258,4.2333466349297045e-05,0.025761370357300944,,,0.001
ours,coord_04_method_ours_lambda_align_019,coord:method.ours.lambda_align,2,0.8517156862745099,0.008578431372549045,0.8541666666666667,0.849264705882353,0.8874671568771483,4.2333466349297045e-05,0.025761370357300944,,,0.0008349754890412005
ours,coord_01_train_lr_010,coord:train.lr,2,0.8517156862745098,0.003676470588235281,0.8517156862745098,0.8517156862745098,1.0,2.521629284502662e-05,0.01,,,0.001
ours,coord_04_method_ours_lambda_align_004,coord:method.ours.lambda_align,2,0.8517156862745098,0.001225490196078427,0.8517156862745098,0.8517156862745098,0.8874671568771483,4.2333466349297045e-05,0.025761370357300944,,,0.0003739085202872783
ours,coord_03_train_grad_clip_003,coord:train.grad_clip,2,0.8504901960784315,0.009803921568627472,0.8504901960784315,0.8504901960784315,1.0736942906332496,4.2333466349297045e-05,0.025761370357300944,,,0.001
ours,local_var_topk_005,local_var_topk,2,0.8504901960784315,0.009803921568627472,0.8541666666666667,0.8468137254901962,1.187467156877,2.1166733e-05,0.025761370357,,,0.005047737318427321
ours,coord_03_anchor,coord:train.grad_clip,2,0.8504901960784313,0.004901960784313708,0.8504901960784313,0.8504901960784313,1.0,4.2333466349297045e-05,0.025761370357300944,,,0.001
ours,local_var_topk_013,local_var_topk,2,0.8504901960784313,0.004901960784313708,0.8504901960784313,0.8504901960784313,0.887467156877,4.2333466e-05,0.025761370357,,,0.005047737318427321
ours,coord_04_method_ours_lambda_align_005,coord:method.ours.lambda_align,2,0.8492647058823529,0.006127450980392135,0.8492647058823529,0.8492647058823529,0.8874671568771483,4.2333466349297045e-05,0.025761370357300944,,,2.4309853449390485e-05
ours,coord_02_train_weight_decay_005,coord:train.weight_decay,2,0.8480392156862745,0.007352941176470562,0.8480392156862745,0.8480392156862745,1.0,4.2333466349297045e-05,0.03802613486924597,,,0.001
ours,coord_01_train_lr_013,coord:train.lr,2,0.8468137254901962,0.01838235294117646,0.8468137254901962,0.8468137254901962,1.0,5.4846116356886335e-05,0.01,,,0.001
ours,coord_03_train_grad_clip_000,coord:train.grad_clip,2,0.8468137254901961,0.02083333333333337,0.8468137254901961,0.8468137254901961,1.5160116774146188,4.2333466349297045e-05,0.025761370357300944,,,0.001
ours,coord_04_method_ours_lambda_align_002,coord:method.ours.lambda_align,2,0.8468137254901961,0.030637254901960786,0.8468137254901961,0.8468137254901961,0.8874671568771483,4.2333466349297045e-05,0.025761370357300944,,,0.0002878913241153341
ours,coord_04_method_ours_lambda_align_013,coord:method.ours.lambda_align,2,0.8462009803921569,0.03125,0.8529411764705883,0.8394607843137255,0.8874671568771483,4.2333466349297045e-05,0.025761370357300944,,,1.4182218091223143e-05
ours,coord_02_train_weight_decay_015,coord:train.weight_decay,2,0.8455882352941176,0.007352941176470562,0.8455882352941176,0.8455882352941176,1.0,4.2333466349297045e-05,0.001265792637898855,,,0.001
ours,local_var_topk_010,local_var_topk,2,0.8455882352941176,0.01715686274509809,0.8529411764705883,0.8382352941176471,0.887467156877,4.2333466e-05,0.015761370357,,,0.005047737318427321
ours,coord_04_method_ours_lambda_align_007,coord:method.ours.lambda_align,2,0.8449754901960784,0.010416666666666685,0.8541666666666666,0.8357843137254901,0.8874671568771483,4.2333466349297045e-05,0.025761370357300944,,,0.00034819237895551436
ours,coord_01_train_lr_000,coord:train.lr,2,0.8443627450980392,0.001225490196078427,0.8443627450980392,0.8443627450980392,1.0,2.166929842602531e-05,0.01,,,0.001
ours,coord_03_train_grad_clip_008,coord:train.grad_clip,2,0.8443627450980392,0.001225490196078427,0.8443627450980392,0.8443627450980392,1.1089774084038875,4.2333466349297045e-05,0.025761370357300944,,,0.001
ours,coord_04_method_ours_lambda_align_021,coord:method.ours.lambda_align,2,0.8443627450980392,0.003676470588235281,0.8443627450980392,0.8443627450980392,0.8874671568771483,4.2333466349297045e-05,0.025761370357300944,,,2.3628385147388267e-05
ours,local_var_topk_003,local_var_topk,2,0.8443627450980392,0.013480392156862697,0.8443627450980392,0.8443627450980392,0.587467156877,2.1166733e-05,0.025761370357,,,0.005047737318427321
ours,coord_04_method_ours_lambda_align_015,coord:method.ours.lambda_align,2,0.84375,0.007965686274509776,0.8455882352941176,0.8419117647058824,0.8874671568771483,4.2333466349297045e-05,0.025761370357300944,,,0.007094332297035338
ours,coord_04_method_ours_lambda_align_009,coord:method.ours.lambda_align,2,0.8431372549019608,0.044117647058823484,0.8431372549019608,0.8431372549019608,0.8874671568771483,4.2333466349297045e-05,0.025761370357300944,,,0.00027088063293043466
ours,coord_04_method_ours_lambda_align_017,coord:method.ours.lambda_align,2,0.8431372549019608,0.022058823529411797,0.8602941176470589,0.8259803921568627,0.8874671568771483,4.2333466349297045e-05,0.025761370357300944,,,0.0007644940430316359
ours,local_var_topk_004,local_var_topk,2,0.8412990196078431,0.028799019607843146,0.8455882352941176,0.8370098039215687,0.887467156877,2.1166733e-05,0.025761370357,,,0.005047737318427321
ours,local_var_topk_002,local_var_topk,2,0.8400735294117647,0.01286764705882354,0.8480392156862745,0.8321078431372548,1.187467156877,2.1166733e-05,0.015761370357,,,0.005047737318427321
ours,coord_02_anchor,coord:train.weight_decay,2,0.8388480392156863,0.021446078431372584,0.849264705882353,0.8284313725490196,1.0,4.2333466349297045e-05,0.01,,,0.001
ours,coord_04_method_ours_lambda_align_010,coord:method.ours.lambda_align,2,0.8382352941176471,0.007352941176470562,0.8382352941176471,0.8382352941176471,0.8874671568771483,4.2333466349297045e-05,0.025761370357300944,,,2.8529473160537783e-05
ours,coord_03_train_grad_clip_019,coord:train.grad_clip,2,0.8370098039215687,0.008578431372548989,0.8370098039215687,0.8370098039215687,1.2514972774873965,4.2333466349297045e-05,0.025761370357300944,,,0.001
ours,coord_02_train_weight_decay_010,coord:train.weight_decay,2,0.8363970588235294,0.033700980392156854,0.8468137254901961,0.8259803921568627,1.0,4.2333466349297045e-05,0.01569929631501374,,,0.001
ours,coord_02_train_weight_decay_022,coord:train.weight_decay,2,0.8363970588235294,0.0042892156862744946,0.8370098039215687,0.8357843137254902,1.0,4.2333466349297045e-05,0.015476556327520243,,,0.001
ours,coord_03_train_grad_clip_018,coord:train.grad_clip,2,0.8357843137254902,0.02941176470588236,0.8455882352941176,0.8259803921568627,1.6382071638333375,4.2333466349297045e-05,0.025761370357300944,,,0.001
ours,coord_01_train_lr_019,coord:train.lr,2,0.8357843137254901,0.012254901960784326,0.8357843137254901,0.8357843137254901,1.0,3.356481249128643e-05,0.01,,,0.001
ours,coord_04_method_ours_lambda_align_003,coord:method.ours.lambda_align,2,0.8357843137254901,0.017156862745098034,0.8406862745098039,0.8308823529411764,0.8874671568771483,4.2333466349297045e-05,0.025761370357300944,,,0.0032649501008336626
ours,coord_04_method_ours_lambda_align_011,coord:method.ours.lambda_align,2,0.8357843137254901,0.012254901960784326,0.8357843137254901,0.8357843137254901,0.8874671568771483,4.2333466349297045e-05,0.025761370357300944,,,1.2672777761501722e-05
ours,coord_02_train_weight_decay_017,coord:train.weight_decay,2,0.8345588235294118,0.006127450980392135,0.8345588235294118,0.8345588235294118,1.0,4.2333466349297045e-05,0.021412339270628602,,,0.001
ours,coord_02_train_weight_decay_009,coord:train.weight_decay,2,0.8345588235294117,0.008578431372549045,0.8345588235294117,0.8345588235294117,1.0,4.2333466349297045e-05,0.031129456560456282,,,0.001
ours,coord_02_train_weight_decay_011,coord:train.weight_decay,2,0.8333333333333333,0.019607843137254888,0.8333333333333333,0.8333333333333333,1.0,4.2333466349297045e-05,0.043221282843119845,,,0.001
ours,coord_02_train_weight_decay_003,coord:train.weight_decay,2,0.829656862745098,0.033088235294117696,0.829656862745098,0.829656862745098,1.0,4.2333466349297045e-05,0.041458676361109024,,,0.001
ours,coord_03_train_grad_clip_007,coord:train.grad_clip,2,0.829656862745098,0.03553921568627455,0.829656862745098,0.829656862745098,1.8833819174013477,4.2333466349297045e-05,0.025761370357300944,,,0.001
ours,coord_02_train_weight_decay_000,coord:train.weight_decay,2,0.8284313725490196,0.004901960784313764,0.8345588235294118,0.8223039215686274,1.0,4.2333466349297045e-05,0.03963349773650037,,,0.001
ours,coord_03_train_grad_clip_004,coord:train.grad_clip,2,0.8284313725490196,0.0024509803921569095,0.8357843137254902,0.821078431372549,0.8112607949285354,4.2333466349297045e-05,0.025761370357300944,,,0.001
ours,local_var_topk_011,local_var_topk,2,0.8284313725490196,0.017156862745098034,0.8284313725490196,0.8284313725490196,1.187467156877,4.2333466e-05,0.015761370357,,,0.005047737318427321
ours,coord_02_train_weight_decay_002,coord:train.weight_decay,2,0.8272058823529411,0.033088235294117696,0.8272058823529411,0.8272058823529411,1.0,4.2333466349297045e-05,0.0028208780978024373,,,0.001
ours,coord_02_train_weight_decay_014,coord:train.weight_decay,2,0.8272058823529411,0.015931372549019607,0.8272058823529411,0.8272058823529411,1.0,4.2333466349297045e-05,0.03285287566903027,,,0.001
ours,coord_04_method_ours_lambda_align_018,coord:method.ours.lambda_align,2,0.8272058823529411,0.008578431372549045,0.8272058823529411,0.8272058823529411,0.8874671568771483,4.2333466349297045e-05,0.025761370357300944,,,0.002784315529814103
ours,coord_02_train_weight_decay_020,coord:train.weight_decay,2,0.826593137254902,0.023897058823529382,0.8333333333333333,0.8198529411764706,1.0,4.2333466349297045e-05,0.04283921792436148,,,0.001
ours,coord_03_train_grad_clip_002,coord:train.grad_clip,2,0.8259803921568627,0.019607843137254888,0.8259803921568627,0.8259803921568627,0.6513832929507756,4.2333466349297045e-05,0.025761370357300944,,,0.001
ours,coord_02_train_weight_decay_016,coord:train.weight_decay,2,0.8247549019607843,0.030637254901960786,0.8259803921568627,0.8235294117647058,1.0,4.2333466349297045e-05,0.04528612259904585,,,0.001
ours,coord_03_train_grad_clip_022,coord:train.grad_clip,2,0.8241421568627452,0.031249999999999944,0.8455882352941176,0.8026960784313726,0.5039966201068447,4.2333466349297045e-05,0.025761370357300944,,,0.001
ours,coord_04_method_ours_lambda_align_001,coord:method.ours.lambda_align,2,0.8241421568627452,0.048406862745098034,0.8272058823529411,0.821078431372549,0.8874671568771483,4.2333466349297045e-05,0.025761370357300944,,,0.0012346878339290972
ours,local_var_topk_009,local_var_topk,2,0.8241421568627452,0.01654411764705882,0.829656862745098,0.8186274509803921,0.587467156877,4.2333466e-05,0.015761370357,,,0.005047737318427321
ours,coord_03_train_grad_clip_006,coord:train.grad_clip,2,0.8235294117647058,0.012254901960784326,0.8235294117647058,0.8235294117647058,1.2363744014086087,4.2333466349297045e-05,0.025761370357300944,,,0.001
ours,coord_04_anchor,coord:method.ours.lambda_align,2,0.8235294117647058,0.004901960784313708,0.8247549019607843,0.8223039215686274,0.8874671568771483,4.2333466349297045e-05,0.025761370357300944,,,0.001
ours,coord_03_train_grad_clip_001,coord:train.grad_clip,2,0.8223039215686274,0.001225490196078427,0.8223039215686274,0.8223039215686274,1.7645117906944783,4.2333466349297045e-05,0.025761370357300944,,,0.001
ours,coord_02_train_weight_decay_007,coord:train.weight_decay,2,0.821078431372549,0.019607843137254888,0.8235294117647058,0.8186274509803921,1.0,4.2333466349297045e-05,0.0011293853537124698,,,0.001
ours,coord_03_train_grad_clip_005,coord:train.grad_clip,2,0.821078431372549,0.026960784313725505,0.821078431372549,0.821078431372549,1.991165740762003,4.2333466349297045e-05,0.025761370357300944,,,0.001
ours,coord_04_method_ours_lambda_align_020,coord:method.ours.lambda_align,2,0.821078431372549,0.04656862745098045,0.8321078431372548,0.8100490196078431,0.8874671568771483,4.2333466349297045e-05,0.025761370357300944,,,1.0626972866350665e-05
ours,coord_03_train_grad_clip_021,coord:train.grad_clip,2,0.8204656862745099,0.02144607843137253,0.8223039215686274,0.8186274509803921,0.5039649001674528,4.2333466349297045e-05,0.025761370357300944,,,0.001
ours,coord_04_method_ours_lambda_align_006,coord:method.ours.lambda_align,2,0.8204656862745098,0.05208333333333337,0.8345588235294117,0.8063725490196079,0.8874671568771483,4.2333466349297045e-05,0.025761370357300944,,,0.007734370951139792
ours,coord_03_train_grad_clip_016,coord:train.grad_clip,2,0.8192401960784313,0.006740196078431349,0.8272058823529411,0.8112745098039216,0.9740671933715628,4.2333466349297045e-05,0.025761370357300944,,,0.001
ours,coord_03_train_grad_clip_013,coord:train.grad_clip,2,0.8186274509803921,0.03431372549019607,0.8186274509803921,0.8186274509803921,1.589441035468639,4.2333466349297045e-05,0.025761370357300944,,,0.001
ours,coord_02_train_weight_decay_008,coord:train.weight_decay,2,0.8174019607843137,0.04534313725490202,0.8235294117647058,0.8112745098039216,1.0,4.2333466349297045e-05,0.022941220984173272,,,0.001
ours,coord_03_train_grad_clip_015,coord:train.grad_clip,2,0.8161764705882353,0.002450980392156854,0.8284313725490196,0.803921568627451,0.668779937363086,4.2333466349297045e-05,0.025761370357300944,,,0.001
ours,coord_02_train_weight_decay_019,coord:train.weight_decay,2,0.8125,0.045343137254901966,0.8186274509803921,0.8063725490196079,1.0,4.2333466349297045e-05,0.03694470642666276,,,0.001
ours,coord_02_train_weight_decay_021,coord:train.weight_decay,2,0.8125,0.060049019607843146,0.8161764705882353,0.8088235294117647,1.0,4.2333466349297045e-05,0.03850320697612969,,,0.001
ours,coord_04_method_ours_lambda_align_014,coord:method.ours.lambda_align,2,0.8112745098039216,0.02818627450980382,0.8419117647058824,0.7806372549019608,0.8874671568771483,4.2333466349297045e-05,0.025761370357300944,,,0.0004542517577004152
ours,coord_03_train_grad_clip_011,coord:train.grad_clip,2,0.8100490196078431,0.060049019607843146,0.8100490196078431,0.8100490196078431,0.8709011209284162,4.2333466349297045e-05,0.025761370357300944,,,0.001
ours,coord_02_train_weight_decay_004,coord:train.weight_decay,2,0.8088235294117647,0.04901960784313725,0.8174019607843137,0.8002450980392157,1.0,4.2333466349297045e-05,0.03438558910465587,,,0.001
ours,coord_02_train_weight_decay_018,coord:train.weight_decay,2,0.8088235294117647,0.031862745098039214,0.8088235294117647,0.8088235294117647,1.0,4.2333466349297045e-05,0.005140241551623653,,,0.001
ours,coord_01_train_lr_003,coord:train.lr,2,0.8082107843137255,0.009191176470588203,0.8198529411764706,0.7965686274509804,1.0,5.7311085087922365e-05,0.01,,,0.001
ours,coord_03_train_grad_clip_009,coord:train.grad_clip,2,0.8033088235294118,0.005514705882352922,0.8063725490196079,0.8002450980392157,0.7083602143821242,4.2333466349297045e-05,0.025761370357300944,,,0.001
ours,coord_01_train_lr_014,coord:train.lr,2,0.7990196078431373,0.019607843137254888,0.7990196078431373,0.7990196078431373,1.0,7.050310524431253e-05,0.01,,,0.001
ours,coord_03_train_grad_clip_010,coord:train.grad_clip,2,0.7990196078431373,0.004901960784313764,0.8002450980392157,0.7977941176470589,1.8035428423900308,4.2333466349297045e-05,0.025761370357300944,,,0.001
ours,coord_01_train_lr_007,coord:train.lr,2,0.7977941176470589,0.008578431372549045,0.7977941176470589,0.7977941176470589,1.0,8.287954980982074e-06,0.01,,,0.001
ours,coord_04_method_ours_lambda_align_008,coord:method.ours.lambda_align,2,0.7977941176470589,0.020833333333333315,0.8125,0.7830882352941176,0.8874671568771483,4.2333466349297045e-05,0.025761370357300944,,,0.00013289491787351013
ours,coord_03_train_grad_clip_020,coord:train.grad_clip,2,0.795343137254902,0.0036764705882353366,0.7965686274509804,0.7941176470588236,1.7219177691942897,4.2333466349297045e-05,0.025761370357300944,,,0.001
ours,local_var_topk_016,local_var_topk,2,0.7935049019607843,0.03492647058823534,0.8149509803921569,0.7720588235294118,0.887467156877,4.2333466e-05,0.035761370357,,,0.005047737318427321
ours,local_var_topk_018,local_var_topk,2,0.7824754901960784,0.049632352941176405,0.8026960784313726,0.7622549019607843,0.587467156877,8.4666933e-05,0.015761370357,,,0.005047737318427321
ours,local_var_topk_023,local_var_topk,2,0.7806372549019608,0.008578431372548989,0.7806372549019608,0.7806372549019608,1.187467156877,8.4666933e-05,0.025761370357,,,0.005047737318427321
ours,coord_02_train_weight_decay_012,coord:train.weight_decay,2,0.7763480392156863,0.048406862745098034,0.7769607843137254,0.775735294117647,1.0,4.2333466349297045e-05,0.03779860090062903,,,0.001
ours,coord_02_train_weight_decay_013,coord:train.weight_decay,2,0.7732843137254902,0.02573529411764708,0.7818627450980392,0.7647058823529411,1.0,4.2333466349297045e-05,0.047961469886517984,,,0.001
ours,local_var_topk_026,local_var_topk,2,0.7591911764705882,0.037377450980392135,0.7634803921568627,0.7549019607843137,1.187467156877,8.4666933e-05,0.035761370357,,,0.005047737318427321
ours,local_var_topk_022,local_var_topk,2,0.75,0.03431372549019612,0.7720588235294118,0.7279411764705883,0.887467156877,8.4666933e-05,0.025761370357,,,0.005047737318427321
ours,coord_01_train_lr_022,coord:train.lr,2,0.7463235294117647,0.04779411764705882,0.7463235294117647,0.7463235294117647,1.0,5.8067523497474675e-06,0.01,,,0.001
ours,local_var_topk_020,local_var_topk,2,0.7395833333333333,0.02512254901960781,0.7512254901960784,0.7279411764705882,1.187467156877,8.4666933e-05,0.015761370357,,,0.005047737318427321
ours,local_var_topk_019,local_var_topk,2,0.7377450980392157,0.053921568627450955,0.7377450980392157,0.7377450980392157,0.887467156877,8.4666933e-05,0.015761370357,,,0.005047737318427321
ours,local_var_topk_024,local_var_topk,2,0.7291666666666667,0.045343137254901966,0.7291666666666667,0.7291666666666667,0.587467156877,8.4666933e-05,0.035761370357,,,0.005047737318427321
ours,coord_01_train_lr_001,coord:train.lr,2,0.7279411764705883,0.022058823529411742,0.7279411764705883,0.7279411764705883,1.0,6.093904653635503e-06,0.01,,,0.001
ours,coord_01_train_lr_021,coord:train.lr,2,0.7254901960784315,0.041666666666666685,0.7254901960784315,0.7254901960784315,1.0,0.00010264941086557266,0.01,,,0.001
ours,local_var_topk_025,local_var_topk,2,0.7028186274509804,0.009191176470588258,0.7218137254901962,0.6838235294117647,0.887467156877,8.4666933e-05,0.035761370357,,,0.005047737318427321
ours,local_var_topk_021,local_var_topk,2,0.6893382352941176,0.0018382352941176405,0.6936274509803921,0.6850490196078431,0.587467156877,8.4666933e-05,0.025761370357,,,0.005047737318427321
ours,coord_01_train_lr_002,coord:train.lr,2,0.6838235294117647,0.0,0.6838235294117647,0.6838235294117647,1.0,0.0030628992009764716,0.01,,,0.001
ours,coord_01_train_lr_004,coord:train.lr,2,0.6838235294117647,0.0,0.6838235294117647,0.6838235294117647,1.0,0.00021585440778054102,0.01,,,0.001
ours,coord_01_train_lr_009,coord:train.lr,2,0.6838235294117647,0.0,0.6838235294117647,0.6838235294117647,1.0,0.00033486107247024106,0.01,,,0.001
ours,coord_01_train_lr_011,coord:train.lr,2,0.6838235294117647,0.0,0.6838235294117647,0.6838235294117647,1.0,0.0006460890536753747,0.01,,,0.001
ours,coord_01_train_lr_012,coord:train.lr,2,0.6838235294117647,0.0,0.6838235294117647,0.6838235294117647,1.0,0.0010668405339417924,0.01,,,0.001
ours,coord_01_train_lr_015,coord:train.lr,2,0.6838235294117647,0.0,0.6838235294117647,0.6838235294117647,1.0,0.00048053259769495726,0.01,,,0.001
ours,coord_01_train_lr_017,coord:train.lr,2,0.6838235294117647,0.0,0.6838235294117647,0.6838235294117647,1.0,0.0015122249813889564,0.01,,,0.001
ours,coord_01_train_lr_018,coord:train.lr,2,0.6838235294117647,0.0,0.6838235294117647,0.6838235294117647,1.0,0.0017708691511825342,0.01,,,0.001
ours,coord_01_train_lr_020,coord:train.lr,2,0.6838235294117647,0.0,0.6838235294117647,0.6838235294117647,1.0,0.0004451561434752597,0.01,,,0.001
